Audience,Year,Screen,History,Action,Drama,Horor,Disaster,Comic,Erotic,Crime,Actorpower,Thousand,Factory
1,14,1587,1,1,0,0,0,0,0,0,46,2,1
1,17,1912,0,1,1,0,0,0,0,0,35,9,1
1,14,966,1,0,1,0,0,0,0,0,46,5,1
1,15,1064,0,1,1,0,0,0,0,1,43,8,1
1,6,167,0,1,0,0,1,0,0,0,22,0,1
1,12,1072,0,1,1,0,0,0,0,1,23,1,1
1,13,787,0,0,1,0,0,1,0,0,47,2,0
1,15,1519,1,1,0,0,0,0,0,0,25,10,1
1,12,810,1,0,1,0,0,1,0,0,31,0,1
1,5,94,1,1,0,0,0,0,0,0,22,0,0
1,17,1906,1,0,1,0,0,0,0,0,30,3,1
1,18,2235,0,1,1,0,0,0,0,0,32,7,0
1,4,110,1,1,1,0,0,0,0,0,38,0,1
1,16,1788,0,1,1,1,1,0,0,0,31,0,0
1,9,753,0,0,1,0,1,0,0,0,23,1,1
1,13,923,1,0,1,0,0,0,0,0,27,4,0
1,3,83,1,1,0,1,0,0,0,0,38,0,0
1,16,1812,0,1,1,0,0,0,0,1,39,2,1
1,13,1128,0,1,1,0,0,0,0,0,26,2,1
1,13,1190,1,0,1,0,0,0,0,0,25,3,1
1,14,838,0,1,0,0,0,1,0,0,26,5,1
1,14,692,0,0,1,0,0,1,0,0,54,1,1
1,9,580,0,0,1,0,0,0,0,0,46,0,1
1,7,148,0,1,0,0,1,0,0,0,9,0,1
1,8,405,0,0,1,0,0,1,0,0,24,0,1
1,5,114,1,1,1,0,0,0,0,0,22,1,1
1,17,976,0,1,1,0,0,1,0,0,28,5,1
1,15,1009,0,0,1,0,1,0,0,0,34,4,1
1,16,1444,1,1,0,0,0,0,0,0,23,4,0
1,11,615,1,1,0,0,0,0,0,0,43,1,1
1,11,472,0,0,1,0,0,1,0,0,24,0,1
1,7,116,1,1,1,0,0,0,0,0,22,2,1
1,17,1299,1,0,1,0,0,0,0,0,28,13,1
1,13,894,0,1,0,0,0,0,0,0,31,1,1
1,16,1501,0,1,1,0,0,0,0,1,30,8,1
1,16,1105,0,0,1,0,1,0,0,0,39,12,1
1,15,1075,0,0,1,0,0,0,0,1,23,1,1
1,16,1049,1,1,0,0,1,0,0,0,31,2,1
1,16,1158,0,1,0,0,0,1,0,0,30,2,1
1,13,1341,0,1,1,0,0,0,0,0,22,0,1
1,16,1485,0,0,0,1,1,0,0,0,35,3,0
1,17,1315,0,1,1,0,0,0,0,1,42,1,0
1,6,147,0,1,1,0,0,0,0,1,22,1,1
1,8,825,0,1,0,0,0,1,0,0,30,2,1
1,12,706,0,0,1,0,0,0,0,0,30,0,1
1,6,93,0,0,1,0,0,1,0,0,16,0,1
1,17,2027,1,1,0,0,0,0,0,0,25,4,1
1,10,478,0,1,1,0,0,0,0,0,11,1,1
1,15,1210,1,1,1,0,0,0,0,0,22,3,1
1,9,606,1,1,0,0,0,1,0,0,23,1,1
1,6,93,0,0,1,0,0,1,0,0,20,0,1
1,15,1013,1,1,1,0,1,0,0,0,23,0,0
1,-1,0,0,1,0,0,0,0,0,0,30,0,0
1,17,1102,0,1,0,0,0,1,0,0,43,0,1
1,5,101,0,0,0,0,0,1,0,0,15,0,1
1,13,779,0,0,0,1,0,0,0,0,18,0,0
1,16,964,1,0,1,0,0,0,0,0,23,1,1
1,13,743,0,0,0,0,1,0,0,1,20,0,1
1,13,949,0,1,0,0,0,0,0,0,19,3,0
1,10,572,0,1,0,0,0,1,0,0,14,1,1
1,15,1088,0,0,0,1,0,0,0,1,19,1,1
1,17,1310,0,0,1,0,0,0,0,0,17,1,0
1,11,500,0,0,1,0,0,1,0,0,17,0,1
1,3,54,0,0,0,1,0,0,0,1,25,0,1
1,12,617,0,0,1,0,1,0,0,0,20,3,1
1,5,73,0,0,1,0,0,0,0,0,16,0,1
1,8,435,0,1,0,0,0,0,0,1,28,0,1
1,18,1357,0,1,0,0,0,0,0,0,31,3,0
1,3,54,0,0,0,0,0,1,0,0,22,0,1
1,12,694,0,0,1,0,0,0,0,0,19,0,0
1,18,1317,1,1,0,0,0,0,0,1,44,6,1
1,14,206,0,0,1,0,0,0,0,0,1,0,0
1,11,611,1,0,0,0,0,1,0,0,29,1,1
1,14,1394,1,1,0,0,0,0,0,0,40,1,1
1,12,699,0,1,0,0,0,0,0,1,29,0,1
1,13,671,0,1,0,0,0,0,0,1,17,1,0
1,11,644,0,0,0,1,0,0,0,0,20,0,1
1,12,563,0,0,1,0,0,1,0,0,26,0,0
1,16,1166,0,0,0,0,1,0,0,0,13,0,0
1,12,759,0,0,1,0,1,0,0,0,14,0,1
1,17,1426,0,1,1,0,0,0,0,0,31,3,0
1,8,659,0,1,0,0,0,0,0,1,29,3,0
1,16,1171,0,0,1,0,0,0,1,0,36,4,1
1,13,807,0,1,0,0,0,0,0,0,27,0,1
1,12,593,0,0,1,0,0,0,0,0,14,0,1
1,5,115,0,1,0,0,0,0,0,1,16,1,1
1,9,475,0,0,1,0,0,0,0,0,19,0,1
1,2,41,0,0,0,0,0,1,1,0,15,0,1
1,12,534,0,0,1,0,0,0,0,0,25,1,1
1,8,418,0,0,1,0,0,0,0,0,24,0,0
1,17,1314,0,0,1,0,0,0,0,1,39,0,1
1,14,890,0,1,0,0,0,0,0,1,26,3,0
1,5,95,0,1,1,0,0,0,0,1,21,1,0
1,13,599,0,0,1,0,0,1,0,0,17,0,1
1,6,126,1,1,1,0,0,0,0,0,18,1,1
1,15,811,0,0,0,0,0,1,0,0,27,5,1
1,14,1054,1,0,0,0,0,0,0,0,18,1,1
1,17,1229,1,0,1,0,0,0,0,0,25,3,1
1,8,499,1,0,0,0,0,0,0,0,17,0,1
1,8,585,1,1,0,0,0,0,0,0,22,3,1
1,5,127,0,0,1,1,0,0,0,0,21,0,1
1,16,876,1,0,1,0,0,0,0,0,1,0,0
1,14,794,0,1,0,0,0,0,0,0,22,1,1
1,3,76,1,0,0,0,0,0,0,0,21,0,1
1,6,114,0,0,0,0,0,1,0,0,20,0,1
1,12,453,0,0,1,0,0,0,0,0,18,1,0
1,14,645,0,1,0,0,0,0,0,0,43,0,1
1,13,785,0,0,1,0,0,0,0,0,16,3,1
1,18,862,0,0,1,0,0,0,0,0,38,3,1
1,10,736,0,0,0,1,0,0,0,0,19,4,1
1,10,736,0,1,0,0,0,0,0,0,14,0,1
1,17,1140,0,0,1,0,0,0,0,0,21,0,0
1,3,45,0,1,0,0,0,0,0,0,20,0,0
1,18,1117,0,1,0,0,0,0,0,0,22,0,0
1,18,1041,0,1,0,0,0,0,0,0,39,0,1
1,4,50,0,0,1,0,0,0,0,0,43,0,0
1,3,51,0,0,1,0,0,0,0,0,29,0,1
1,3,52,0,0,0,1,0,0,0,0,37,0,0
1,7,110,0,0,1,0,0,0,0,1,28,1,1
1,6,118,0,0,1,0,0,0,0,0,26,0,0
1,11,512,0,1,0,0,0,0,0,0,33,0,1
1,13,806,0,0,0,0,1,0,0,0,28,1,0
1,4,67,0,0,1,0,0,0,0,0,42,0,1
1,2,71,0,0,1,0,0,0,0,0,38,0,0
1,5,58,0,0,1,0,0,1,0,0,35,0,1
1,10,405,0,0,1,0,0,0,0,0,39,1,1
1,9,379,0,1,1,0,0,0,0,0,34,0,1
1,5,92,0,0,1,0,0,0,0,0,30,0,1
1,15,926,0,0,1,0,0,0,0,0,30,0,0
1,7,88,0,0,1,0,0,0,0,0,26,0,1
1,10,512,1,0,0,0,0,0,1,0,33,0,1
1,9,648,0,0,1,0,0,0,0,0,37,1,1
1,11,469,0,0,1,0,0,0,0,0,36,0,1
1,16,993,0,0,1,0,0,0,0,0,28,1,1
1,13,968,0,1,0,0,0,0,0,0,26,0,1
1,12,604,0,1,0,0,0,0,0,0,29,0,0
1,9,20,0,0,1,0,0,0,0,0,38,0,0
1,11,585,0,1,0,0,0,0,0,0,40,0,1
1,17,1047,0,0,1,0,0,0,0,0,28,0,1
1,10,472,0,0,1,0,0,1,0,0,34,0,0
1,4,70,0,0,1,0,0,0,0,0,29,0,0
1,15,894,0,1,0,0,0,0,0,0,34,2,1
1,14,665,0,1,0,0,0,0,0,0,31,1,1
1,3,71,1,1,0,0,0,0,0,0,34,0,0
1,10,502,0,1,0,0,0,0,0,1,34,1,1
1,7,80,0,0,1,0,0,0,0,0,34,0,1
1,10,402,0,0,1,0,0,0,0,0,34,0,1
1,12,547,0,0,0,1,0,0,0,0,30,1,1
1,13,641,0,0,1,0,0,0,0,0,28,3,1
1,1,0,0,0,1,0,0,0,0,0,41,0,0
1,18,1124,0,0,0,1,0,0,0,0,32,0,1
1,17,1064,0,0,0,1,0,0,0,0,33,8,1
1,12,624,1,0,0,0,0,0,0,0,28,0,1
1,15,764,0,1,0,0,0,0,0,0,42,0,1
1,18,1163,0,0,1,0,0,0,0,0,27,0,1
1,11,524,0,0,1,0,0,0,0,0,32,0,1
1,16,1278,0,1,0,0,0,0,0,0,31,3,1
1,17,1091,0,1,0,0,0,0,0,1,38,2,1
1,9,586,0,0,1,0,0,0,0,0,42,2,1
1,6,84,1,0,0,0,0,0,1,0,26,0,1
1,4,68,0,0,1,0,0,0,0,0,43,0,1
1,14,641,0,1,0,0,0,0,0,1,27,0,1
1,5,105,0,0,1,0,0,0,0,0,31,0,1
1,17,1019,0,1,0,0,0,0,0,0,42,1,1
1,1,0,1,1,0,0,0,0,0,0,36,0,1
1,4,77,0,0,1,0,0,0,0,0,43,0,1
1,12,466,0,0,1,0,0,0,0,0,34,1,0
2,5,78,0,1,0,0,0,0,0,0,29,0,0
2,3,60,0,0,1,0,0,0,0,0,31,0,0
2,18,1249,1,0,0,0,0,0,0,0,33,7,1
2,12,548,0,0,0,1,0,0,0,0,29,0,0
2,12,600,0,0,0,1,0,0,0,0,43,0,1
2,5,83,0,0,1,0,0,0,0,0,41,0,0
2,17,935,0,0,1,0,0,0,0,0,35,1,0
2,13,817,0,1,0,1,0,0,0,0,42,1,1
2,11,522,0,0,1,0,0,0,0,1,29,0,1
2,18,1021,0,0,1,0,0,0,0,0,35,0,0
2,11,537,0,0,0,0,0,1,0,0,39,0,0
2,11,404,0,1,0,0,0,0,0,0,27,0,0
2,17,1176,1,0,0,0,0,0,0,0,28,0,0
2,6,71,0,0,1,0,0,0,0,0,31,0,1
2,4,41,0,1,0,0,0,0,0,0,36,0,0
2,5,75,0,0,1,0,0,0,0,0,32,0,1
2,3,70,0,0,1,0,0,0,0,0,41,0,0
2,8,463,1,0,0,0,0,0,0,0,27,0,1
2,10,547,1,0,0,0,0,0,0,0,32,0,1
2,-1,0,0,1,0,0,0,1,0,0,26,0,0
2,10,577,1,0,0,0,0,0,0,0,37,0,0
2,6,60,0,0,1,0,0,0,0,0,42,0,1
2,5,98,0,1,0,0,0,0,0,0,39,0,0
2,7,85,0,0,0,1,0,0,0,0,35,1,0
2,3,57,0,0,1,0,0,0,0,0,43,0,1
2,11,812,0,1,0,0,0,0,0,0,35,3,1
2,9,462,0,0,0,1,0,0,0,0,30,2,1
2,3,58,0,0,1,0,0,0,0,0,40,0,0
2,11,345,0,0,1,0,0,0,0,0,26,0,1
2,4,75,0,0,1,0,0,0,0,0,40,0,0
2,5,68,0,0,1,0,0,0,0,0,36,0,0
2,15,776,0,0,0,1,0,0,0,0,34,0,1
2,15,841,0,1,0,0,0,0,0,0,31,0,1
2,7,79,0,0,1,0,0,0,0,0,33,1,1
2,4,40,0,0,1,0,0,0,0,0,41,0,1
2,10,618,0,1,0,0,0,0,0,1,28,0,0
2,10,622,0,1,0,0,0,0,0,0,31,0,0
2,9,474,0,0,1,0,0,0,0,0,37,1,1
2,11,645,0,1,0,0,0,0,0,0,36,2,0
2,14,629,0,0,1,0,0,0,0,0,42,0,0
2,4,50,0,0,1,0,0,0,0,1,40,0,1
2,7,78,0,0,1,0,0,0,0,0,39,0,1
2,7,297,0,0,1,0,0,0,0,0,36,0,0
2,16,841,0,0,1,0,0,0,0,0,26,1,1
2,6,78,0,1,0,0,0,0,0,0,31,0,1
2,13,540,0,0,1,0,0,0,0,0,40,0,0
2,7,89,0,0,0,0,0,1,1,0,26,0,1
2,15,838,0,0,0,0,0,0,0,0,38,0,1
2,10,463,0,0,1,0,0,0,0,0,43,0,1
2,6,86,0,0,1,0,0,0,0,0,29,0,1
2,8,445,0,1,0,0,0,0,0,0,35,0,1
2,15,648,0,0,1,0,0,0,0,0,28,1,0
2,16,942,1,0,0,0,0,0,0,0,32,0,1
2,4,87,0,1,0,0,0,0,0,0,40,1,0
2,6,82,0,1,0,0,0,0,0,0,29,0,1
2,4,36,0,0,0,1,0,0,0,0,30,0,1
2,14,531,0,0,1,0,0,0,0,0,28,1,0
2,4,65,0,0,1,0,0,0,0,0,30,0,1
2,4,44,0,0,1,0,0,0,0,0,34,0,0
2,9,262,0,0,1,0,0,0,0,0,38,0,0
2,5,64,0,1,0,0,0,1,0,0,30,0,1
2,9,387,0,1,0,0,0,0,0,0,36,0,1
2,15,709,0,0,1,0,0,1,0,0,38,0,1
2,11,605,0,0,1,0,0,0,0,0,32,0,1
2,6,72,0,0,1,0,0,0,0,0,36,1,0
2,10,524,0,1,0,0,0,0,0,0,32,3,0
2,12,537,0,0,1,0,0,0,0,0,27,0,1
2,11,504,0,0,0,1,0,0,0,0,34,0,1
2,13,567,0,0,1,0,0,0,0,0,38,0,1
2,6,54,0,0,1,0,0,0,0,0,37,0,0
2,3,55,0,1,0,0,0,0,0,0,42,0,1
2,17,775,0,0,1,0,0,0,0,0,42,0,0
2,13,740,0,0,1,0,0,0,0,0,36,0,1
2,10,494,0,0,0,1,0,0,0,1,41,0,1
2,7,95,0,0,1,0,0,0,0,0,37,0,0
2,12,552,0,0,1,0,0,1,0,0,33,0,1
2,6,70,0,1,0,0,0,0,0,0,37,0,1
2,9,397,0,0,0,0,0,0,0,0,40,0,1
2,4,32,0,1,0,0,0,0,0,0,32,0,0
2,8,414,0,0,1,0,0,0,0,0,32,0,1
2,3,44,0,0,0,1,0,0,0,0,40,0,0
2,13,611,0,0,1,0,0,0,0,0,33,0,1
2,15,892,0,1,0,0,0,0,0,0,39,1,0
2,14,676,0,0,1,0,0,0,0,0,35,1,0
2,3,32,0,0,0,0,0,1,0,0,32,0,0
2,6,94,0,0,0,0,0,1,0,0,37,1,1
2,13,724,0,1,0,0,0,0,0,0,37,0,1
2,5,75,0,0,1,0,0,1,0,0,36,0,1
2,1,0,0,0,0,0,0,1,0,0,38,0,0
2,5,71,0,1,0,0,0,0,0,0,27,0,0
2,12,617,0,0,1,0,0,0,0,0,25,0,0
2,11,451,1,0,0,0,0,0,0,0,23,1,1
2,13,552,0,0,1,0,0,0,0,0,34,2,1
2,15,829,1,0,0,0,0,0,0,0,22,2,1
2,7,83,0,0,1,0,0,0,0,0,26,1,0
2,8,499,1,0,1,0,0,0,0,0,28,1,1
2,2,29,0,1,0,0,0,0,0,0,27,0,0
2,6,71,0,1,0,0,0,1,0,0,34,0,1
2,9,437,0,1,0,0,0,0,0,0,22,0,1
2,4,42,0,0,0,1,0,0,0,0,22,0,0
2,4,679,0,0,1,0,0,0,0,0,34,0,1
2,12,496,0,0,0,1,0,0,0,1,36,2,0
2,11,242,0,0,1,0,0,0,0,0,32,0,0
2,17,1054,1,0,0,0,0,0,0,0,25,0,1
2,8,270,0,0,0,1,0,0,0,0,38,0,0
2,14,629,0,0,1,0,0,0,0,0,21,0,1
2,7,86,0,0,0,0,0,1,0,0,35,1,0
2,14,555,0,0,1,0,0,0,0,0,32,1,0
2,8,336,0,1,0,0,0,0,0,0,22,0,1
2,12,550,0,0,0,0,0,0,0,0,31,0,1
2,7,64,0,0,0,0,0,1,0,0,23,0,0
2,1,0,0,0,0,0,0,1,0,0,22,0,0
2,2,45,0,0,1,0,0,0,0,0,29,0,0
2,15,794,0,1,0,0,0,0,0,1,31,0,0
2,5,75,0,0,0,0,0,1,0,0,30,0,1
2,2,32,0,0,1,0,0,0,0,0,21,0,0
2,3,47,0,1,0,0,0,0,0,0,34,0,0
2,10,416,0,1,0,0,0,0,0,0,26,0,1
2,8,315,0,1,0,0,0,0,0,0,26,0,0
2,5,54,0,0,0,0,0,1,0,0,34,0,1
2,7,66,0,0,0,0,0,1,0,0,18,0,1
2,12,553,0,0,1,0,0,0,0,0,35,0,1
2,3,49,0,0,1,0,0,0,0,0,25,0,0
2,6,64,0,0,1,0,0,0,0,0,34,0,1
2,9,375,0,1,0,0,0,0,0,0,30,0,1
2,9,393,0,0,1,0,0,0,0,0,17,0,1
2,4,58,0,0,0,0,0,1,0,0,35,0,0
2,6,87,1,0,0,0,0,0,0,0,27,0,1
2,4,33,0,0,0,0,0,1,0,0,17,0,0
2,18,962,0,0,1,0,0,0,0,0,35,0,0
2,11,413,0,0,1,0,0,0,0,0,24,0,1
2,18,884,0,0,1,0,0,0,0,0,35,1,0
2,8,339,0,0,0,1,0,0,0,0,20,0,0
2,17,889,0,0,1,0,0,0,0,0,17,0,0
2,5,47,0,0,0,0,0,1,0,0,28,0,1
2,14,584,0,0,0,1,0,0,0,0,29,1,0
2,15,551,0,1,0,0,0,0,0,0,31,1,0
2,6,42,0,0,1,0,0,0,0,0,35,0,1
2,6,65,0,0,1,0,0,0,0,0,25,0,1
2,14,682,0,0,1,0,0,0,1,0,23,0,0
2,7,83,1,0,0,0,0,0,0,0,23,0,0
2,4,76,0,0,0,1,0,0,0,0,32,0,1
2,16,764,1,0,0,0,0,0,0,0,28,0,1
2,13,567,0,1,0,0,0,1,0,0,31,0,0
2,1,0,0,1,0,0,0,0,0,0,29,0,0
2,17,71,0,0,0,1,0,0,0,0,25,0,1
2,10,509,1,0,0,0,0,0,0,0,24,0,0
2,7,57,0,0,1,0,0,0,0,0,26,0,1
2,3,39,0,0,1,0,0,1,0,0,27,0,0
2,17,751,0,0,0,1,0,0,0,0,18,0,0
2,18,833,0,1,0,0,0,0,0,0,32,1,1
2,4,70,1,0,0,0,0,0,0,0,20,0,1
2,17,996,0,1,0,0,0,0,0,0,17,1,0
2,5,54,0,0,0,1,0,0,0,0,24,0,1
2,17,1154,0,0,1,0,0,0,0,0,18,4,1
2,12,433,0,0,0,0,0,1,0,0,30,0,1
2,12,521,0,0,1,0,0,0,0,0,32,0,1
2,18,966,1,0,0,0,0,0,0,0,26,1,1
2,13,840,0,0,1,0,0,1,0,0,32,0,1
2,9,404,0,0,1,0,0,0,0,0,17,0,0
2,18,925,0,0,0,1,0,0,0,0,18,0,0
2,16,54,0,0,1,0,0,0,0,0,21,0,1
2,12,576,0,1,0,0,0,0,0,0,19,0,1
2,8,326,0,1,0,0,0,0,0,0,21,0,0
2,17,711,0,0,0,1,0,0,0,0,20,0,0
2,7,52,0,0,0,0,0,1,0,0,24,0,1
3,7,70,0,0,0,0,0,1,0,0,26,0,1
3,7,51,0,0,0,0,0,1,0,0,17,0,1
3,9,411,0,0,1,0,0,0,0,0,25,0,0
3,4,54,0,0,0,0,0,1,0,0,17,0,0
3,5,82,0,1,0,0,0,0,0,0,26,0,1
3,7,106,1,0,0,0,0,0,0,0,18,0,0
3,7,65,0,0,1,0,0,1,0,0,29,0,1
3,7,82,0,0,0,0,0,1,0,0,17,0,1
3,5,52,0,1,0,0,0,0,0,0,18,0,1
3,1,0,0,0,0,0,0,1,0,0,18,0,0
3,12,356,0,0,0,0,0,1,0,0,17,0,1
3,4,56,0,0,1,0,0,0,0,0,27,0,0
3,16,691,0,0,1,0,0,0,0,1,21,0,0
3,7,89,0,0,1,0,0,0,0,0,32,0,1
3,10,319,0,0,0,0,0,1,0,0,22,0,1
3,5,58,1,0,0,0,0,1,0,0,17,0,1
3,-1,0,0,0,0,1,0,0,0,0,25,0,0
3,10,422,0,0,0,1,0,0,0,0,26,0,1
3,1,0,0,0,0,0,0,1,0,0,24,0,1
3,14,560,0,0,1,0,0,0,0,0,24,0,1
3,13,524,0,0,1,0,0,0,0,0,18,0,0
3,13,707,0,0,1,0,0,0,0,0,31,1,1
3,17,685,0,1,0,0,0,0,0,0,24,0,0
3,9,314,0,0,1,0,0,0,0,0,25,0,0
3,17,915,0,0,0,1,0,0,0,0,27,2,1
3,4,43,0,0,0,0,0,1,0,0,26,0,0
3,5,88,1,0,0,0,0,0,0,0,19,0,0
3,16,733,0,0,1,0,0,0,0,0,17,0,1
3,12,539,0,1,0,0,0,0,0,0,29,1,1
3,13,541,0,0,0,1,0,0,0,0,25,0,1
3,6,50,1,0,0,0,0,0,0,0,28,0,1
3,18,985,0,0,1,0,0,0,0,0,20,0,0
3,5,48,0,0,1,0,0,0,0,0,28,0,1
3,5,41,0,0,1,0,0,1,0,0,22,0,1
3,14,627,0,1,0,0,0,1,0,0,24,1,0
3,4,55,0,0,0,0,0,1,0,0,21,0,1
3,8,451,0,0,1,0,0,0,0,0,26,0,0
3,14,618,0,0,1,0,0,1,0,0,20,3,0
3,16,499,1,0,0,0,0,0,0,0,21,0,0
3,16,767,0,0,1,0,0,1,0,0,31,1,1
3,12,643,0,0,1,0,0,0,0,0,30,0,0
3,15,688,0,0,1,0,0,0,0,0,22,2,1
3,5,55,0,0,0,0,0,1,0,0,17,0,1
3,2,54,0,1,0,0,0,0,0,0,32,0,0
3,12,447,0,0,0,0,0,1,0,0,27,0,1
3,16,790,0,0,0,1,0,0,0,1,25,0,0
3,10,334,0,1,0,0,0,0,0,0,27,1,0
3,5,45,0,0,1,0,0,0,0,0,19,0,0
3,13,583,0,0,1,0,0,1,0,0,30,0,1
3,10,442,0,0,1,0,0,1,0,0,25,0,1
3,17,781,0,0,1,0,0,0,0,0,18,0,0
3,18,874,0,0,1,0,0,0,0,0,23,2,0
3,15,607,0,0,1,0,0,0,0,0,20,0,1
3,8,327,0,0,1,0,0,0,0,0,18,0,0
3,6,46,0,0,0,1,0,0,0,0,18,0,1
3,11,471,0,1,0,0,0,0,0,0,21,0,0
3,12,549,0,1,0,0,0,0,0,0,30,0,1
3,15,697,1,0,0,0,0,0,0,0,19,0,1
3,4,35,0,0,0,1,0,0,0,0,20,0,1
3,10,317,0,0,0,1,0,0,0,0,21,0,0
3,7,76,0,0,1,0,0,0,0,0,25,0,0
3,5,45,0,0,1,0,0,0,0,0,25,0,0
3,4,47,0,0,0,0,0,1,0,0,32,0,1
3,3,47,0,0,0,0,0,1,0,0,22,0,0
3,16,855,0,0,1,0,0,0,0,0,29,0,0
3,5,87,0,0,1,0,0,0,0,0,27,0,0
3,16,683,0,0,0,1,0,0,0,0,25,0,0
3,11,411,0,0,1,0,0,0,0,0,30,0,1
3,5,78,0,0,1,0,0,0,0,0,21,0,1
3,13,660,0,1,0,0,0,0,0,0,30,0,1
3,9,397,0,0,0,1,0,0,0,0,31,1,1
3,15,681,0,0,0,1,0,0,0,0,31,1,0
3,6,66,0,0,1,0,0,0,0,0,17,0,1
3,12,457,0,0,1,0,0,0,0,0,1,0,1
3,-7,16,1,0,0,0,0,0,0,0,20,0,0
3,10,190,0,0,0,1,0,0,0,0,18,0,0
3,11,435,0,0,1,0,0,0,0,0,28,0,1
3,3,53,0,0,1,0,0,0,0,0,21,0,1
3,7,103,0,1,0,0,0,0,0,0,27,0,1
3,7,76,0,0,0,0,0,1,0,0,32,0,1
3,6,90,0,0,1,0,0,0,0,0,22,0,1
3,6,87,0,1,0,0,0,0,0,0,29,0,1
3,11,445,0,0,1,0,0,0,0,0,23,0,1
3,4,40,0,0,0,1,0,0,0,0,20,0,0
3,18,1099,0,1,0,0,0,0,0,0,17,6,0
3,14,594,0,0,1,0,0,0,0,0,17,0,1
3,5,41,0,1,0,0,0,0,0,0,26,0,1
3,10,259,0,0,0,0,0,1,0,0,27,0,0
3,15,437,0,0,0,0,0,1,0,0,17,0,0
3,12,435,0,0,0,0,0,1,0,0,21,0,1
3,12,474,0,0,1,0,0,0,0,0,28,0,1
3,13,581,0,0,1,0,0,0,0,0,26,0,1
3,7,56,0,0,1,0,0,0,0,0,30,0,1
3,12,444,0,0,0,0,0,0,0,0,17,0,0
3,8,263,0,0,1,0,0,0,0,0,22,0,1
3,16,765,1,0,0,0,0,0,0,0,32,0,1
3,14,566,0,0,1,0,0,0,0,0,32,1,1
3,9,398,0,0,1,0,0,0,0,0,17,0,0
3,15,621,0,0,0,0,0,1,0,0,17,2,0
3,12,479,0,0,1,0,0,0,0,0,22,0,0
3,17,860,0,1,0,0,0,0,0,0,18,1,1
3,7,64,0,0,0,0,0,1,0,0,30,0,0
3,5,47,0,0,1,0,0,0,0,0,26,0,0
3,8,355,0,1,0,1,0,0,0,0,24,0,1
3,3,44,0,0,0,0,0,1,0,0,31,0,1
3,10,272,0,0,1,0,0,0,0,0,28,0,1
3,4,39,0,0,0,0,0,1,0,0,32,0,0
3,13,459,0,0,1,0,0,0,0,0,1,0,1
3,3,41,0,0,1,0,0,0,0,0,17,0,0
3,3,50,0,0,1,0,0,0,0,0,15,0,0
3,8,303,0,0,1,0,0,0,0,0,17,0,0
3,6,52,0,0,0,0,0,1,0,0,16,0,1
3,7,83,0,0,1,0,0,0,0,0,26,0,1
3,18,1085,0,1,0,0,0,0,0,0,27,1,0
3,4,50,0,0,0,0,0,1,0,0,30,0,0
3,6,44,0,0,0,0,0,1,0,0,18,0,0
3,4,32,0,0,0,0,0,1,0,0,24,0,1
3,10,320,0,0,0,1,0,0,0,0,26,0,0
3,1,0,0,0,0,0,0,1,0,0,21,0,0
3,11,407,0,0,0,0,0,1,0,0,24,1,1
3,13,512,0,0,1,0,0,0,0,0,29,0,1
3,18,758,0,0,1,0,0,0,0,0,19,0,0
3,12,361,0,0,0,1,0,0,0,0,17,0,1
3,-7,2,0,0,0,0,0,1,0,0,19,0,0
3,4,31,0,0,0,0,0,1,0,0,20,0,1
3,8,341,0,1,0,0,0,0,0,0,18,0,1
3,1,0,1,0,0,0,0,0,0,0,24,0,0
3,2,59,0,0,1,0,0,0,0,0,29,0,1
3,6,42,0,0,1,0,0,0,0,0,29,0,1
3,15,646,0,1,0,0,0,0,0,0,17,0,0
3,16,637,0,0,1,0,0,0,0,0,18,3,1
3,11,444,0,0,1,0,0,0,0,0,16,0,1
3,5,42,0,0,1,0,0,0,0,0,22,0,0
3,4,40,0,0,0,0,0,1,0,0,24,0,0
3,17,809,1,0,0,0,0,0,0,0,23,2,0
3,3,42,0,0,1,0,0,0,0,0,15,0,0
3,9,340,0,0,1,0,0,0,0,0,17,0,1
3,4,43,0,0,1,0,0,0,0,0,18,0,1
3,13,428,0,0,0,0,0,1,0,0,26,1,1
3,4,55,0,0,0,0,0,1,0,0,20,0,0
3,15,634,0,0,0,1,0,0,0,0,28,3,1
3,17,803,0,0,1,0,0,0,0,0,20,0,0
3,14,544,0,0,1,0,0,0,0,0,15,0,0
3,5,78,0,0,1,0,0,0,0,0,21,0,0
3,4,34,0,0,0,0,0,1,0,0,24,0,0
3,11,305,0,0,0,1,0,0,0,0,24,0,1
3,12,471,1,0,0,0,0,0,0,0,18,0,1
3,14,466,1,0,0,0,0,0,0,0,26,1,0
3,1,0,0,0,0,0,0,1,0,0,22,0,0
3,14,591,0,0,0,0,0,1,0,0,22,0,1
3,11,476,0,0,1,0,0,0,0,0,18,0,1
3,18,957,0,0,0,0,0,1,0,0,23,2,1
3,5,76,0,0,1,0,0,0,0,0,20,0,1
3,3,32,0,0,0,0,0,1,0,0,23,0,1
3,2,39,0,0,0,0,0,1,0,0,28,0,0
3,7,80,0,0,0,0,0,1,0,0,27,0,1
3,8,373,0,0,1,0,0,0,0,0,19,0,1
3,16,702,0,0,1,0,0,0,0,0,17,0,0
3,2,32,0,0,0,1,0,0,0,0,21,0,0
3,10,322,0,0,0,0,0,1,0,0,15,0,0
3,6,72,0,0,1,0,0,0,0,0,25,0,1
3,9,288,0,0,0,0,0,1,0,0,14,0,0
3,13,501,0,1,0,0,0,0,0,0,24,0,1
3,6,69,0,0,0,0,0,1,0,0,25,0,1
3,8,386,0,0,1,0,0,0,0,0,12,0,1
3,-1,0,0,0,1,0,0,1,0,0,20,0,0
3,8,278,0,1,0,0,0,1,0,0,14,0,1
