Ranking,Name,Date,Year,Quart,Sales,Audience,Screen,History,Action,Drama,Horor,Disaster,Comic,Erotic,Crime,Actorpower,Thousand,Factory,Y0,Y8,Y9,Y10,Y11,Y12,Y13,Y14,Y15,Y16,Y17,Y18
1,명량,2014-07-30,14,3qr,1.36E+11,17613682,1587,1,1,0,0,0,0,0,0,46,2,1,0,0,0,0,0,0,0,1,0,0,0,0
2,신과함께-죄와 벌,2017-12-20,17,4qr,1.16E+11,14410931,1912,0,1,1,0,0,0,0,0,35,9,1,0,0,0,0,0,0,0,0,0,0,1,0
3,국제시장,2014-12-17,14,4qr,1.11E+11,14257115,966,1,0,1,0,0,0,0,0,46,5,1,0,0,0,0,0,0,0,1,0,0,0,0
4,베테랑,2015-08-05,15,3qr,1.05E+11,13414009,1064,0,1,1,0,0,0,0,1,43,8,1,0,0,0,0,0,0,0,0,1,0,0,0
5,괴물,2006-07-27,6,3qr,66716119300,13019740,167,0,1,0,0,1,0,0,0,22,0,1,0,0,0,0,0,0,0,0,0,0,0,0
6,도둑들,2012-07-25,12,3qr,93665568500,12983330,1072,0,1,1,0,0,0,0,1,23,1,1,0,0,0,0,0,1,0,0,0,0,0,0
7,7번방의 선물,2013-01-23,13,1qr,91431914670,12811206,787,0,0,1,0,0,1,0,0,47,2,0,0,0,0,0,0,0,1,0,0,0,0,0
8,암살,2015-07-22,15,3qr,98463132781,12705700,1519,1,1,0,0,0,0,0,0,25,10,1,0,0,0,0,0,0,0,0,1,0,0,0
9,"광해, 왕이 된 남자",2012-09-13,12,3qr,88900208769,12319542,810,1,0,1,0,0,1,0,0,31,0,1,0,0,0,0,0,1,0,0,0,0,0,0
10,왕의 남자,2005-12-29,5,4qr,95875172649,12302831,94,1,1,0,0,0,0,0,0,22,0,0,0,0,0,0,0,0,0,0,0,0,0,0
11,택시운전사,2017-08-02,17,3qr,95855737149,12186684,1906,1,0,1,0,0,0,0,0,30,3,1,0,0,0,0,0,0,0,0,0,0,1,0
12,신과함께-인과 연,2018-08-01,18,3qr,1.01E+11,12041474,2235,0,1,1,0,0,0,0,0,32,7,0,0,0,0,0,0,0,0,0,0,0,0,1
13,태극기 휘날리며,2004-02-05,4,1qr,89271929492,11746135,110,1,1,1,0,0,0,0,0,38,0,1,0,0,0,0,0,0,0,0,0,0,0,0
14,부산행,2016-07-20,16,3qr,93178283048,11565479,1788,0,1,1,1,1,0,0,0,31,0,0,0,0,0,0,0,0,0,0,0,1,0,0
15,해운대,2009-07-22,9,3qr,81934638201,11453338,753,0,0,1,0,1,0,0,0,23,1,1,0,0,1,0,0,0,0,0,0,0,0,0
16,변호인,2013-12-18,13,4qr,82871759300,11374610,923,1,0,1,0,0,0,0,0,27,4,0,0,0,0,0,0,0,1,0,0,0,0,0
17,실미도,2003-12-24,3,4qr,70384835125,11081000,83,1,1,0,1,0,0,0,0,38,0,0,0,0,0,0,0,0,0,0,0,0,0,0
18,검사외전,2016-02-03,16,1qr,77319445264,9707158,1812,0,1,1,0,0,0,0,1,39,2,1,0,0,0,0,0,0,0,0,0,1,0,0
19,설국열차,2013-08-01,13,3qr,67010077500,9349991,1128,0,1,1,0,0,0,0,0,26,2,1,0,0,0,0,0,0,1,0,0,0,0,0
20,관상,2013-09-11,13,3qr,66005451500,9134586,1190,1,0,1,0,0,0,0,0,25,3,1,0,0,0,0,0,0,1,0,0,0,0,0
21,해적: 바다로 간 산적,2014-08-06,14,3qr,66370682706,8666046,838,0,1,0,0,0,1,0,0,26,5,1,0,0,0,0,0,0,0,1,0,0,0,0
22,수상한 그녀,2014-01-22,14,1qr,62696639249,8656397,692,0,0,1,0,0,1,0,0,54,1,1,0,0,0,0,0,0,0,1,0,0,0,0
23,국가대표,2009-07-29,9,3qr,60896633308,8487894,580,0,0,1,0,0,0,0,0,46,0,1,0,0,1,0,0,0,0,0,0,0,0,0
24,디워,2007-08-01,7,3qr,49340084700,8426973,148,0,1,0,0,1,0,0,0,9,0,1,0,0,0,0,0,0,0,0,0,0,0,0
25,과속스캔들,2008-12-03,8,4qr,53940101534,8245523,405,0,0,1,0,0,1,0,0,24,0,1,0,1,0,0,0,0,0,0,0,0,0,0
26,웰컴 투 동막골,2005-08-04,5,3qr,50329355500,8008622,114,1,1,1,0,0,0,0,0,22,1,1,0,0,0,0,0,0,0,0,0,0,0,0
27,공조,2017-01-18,17,1qr,63781731326,7817446,976,0,1,1,0,0,1,0,0,28,5,1,0,0,0,0,0,0,0,0,0,0,1,0
28,히말라야,2015-12-16,15,4qr,60173583015,7759473,1009,0,0,1,0,1,0,0,0,34,4,1,0,0,0,0,0,0,0,0,1,0,0,0
29,밀정,2016-09-07,16,3qr,61269783831,7500420,1444,1,1,0,0,0,0,0,0,23,4,0,0,0,0,0,0,0,0,0,0,1,0,0
30,최종병기 활,2011-08-10,11,3qr,55827861500,7470633,615,1,1,0,0,0,0,0,0,43,1,1,0,0,0,0,1,0,0,0,0,0,0,0
31,써니,2011-05-04,11,2qr,54034235100,7362467,472,0,0,1,0,0,1,0,0,24,0,1,0,0,0,0,1,0,0,0,0,0,0,0
32,화려한 휴가,2007-07-25,7,3qr,53029385993,7307993,116,1,1,1,0,0,0,0,0,22,2,1,0,0,0,0,0,0,0,0,0,0,0,0
33,1987,2017-12-27,17,4qr,58166310145,7231770,1299,1,0,1,0,0,0,0,0,28,13,1,0,0,0,0,0,0,0,0,0,0,1,0
34,베를린,2013-01-30,13,1qr,52354931637,7166199,894,0,1,0,0,0,0,0,0,31,1,1,0,0,0,0,0,0,1,0,0,0,0,0
35,마스터,2016-12-21,16,4qr,58067927865,7150541,1501,0,1,1,0,0,0,0,1,30,8,1,0,0,0,0,0,0,0,0,0,1,0,0
36,터널,2016-08-10,16,3qr,57529484417,7120508,1105,0,0,1,0,1,0,0,0,39,12,1,0,0,0,0,0,0,0,0,0,1,0,0
37,내부자들,2015-11-19,15,4qr,56598130057,7072021,1075,0,0,1,0,0,0,0,1,23,1,1,0,0,0,0,0,0,0,0,1,0,0,0
38,인천상륙작전,2016-07-27,16,3qr,55101410303,7049643,1049,1,1,0,0,1,0,0,0,31,2,1,0,0,0,0,0,0,0,0,0,1,0,0
39,럭키,2016-10-13,16,4qr,56444461256,6975290,1158,0,1,0,0,0,1,0,0,30,2,1,0,0,0,0,0,0,0,0,0,1,0,0
40,은밀하게 위대하게,2013-06-05,13,2qr,48700887413,6959083,1341,0,1,1,0,0,0,0,0,22,0,1,0,0,0,0,0,0,1,0,0,0,0,0
41,곡성,2016-05-12,16,2qr,55863520382,6879908,1485,0,0,0,1,1,0,0,0,35,3,0,0,0,0,0,0,0,0,0,0,1,0,0
42,범죄도시,2017-10-03,17,4qr,56318014149,6879841,1315,0,1,1,0,0,0,0,1,42,1,0,0,0,0,0,0,0,0,0,0,0,1,0
43,타짜,2006-09-28,6,3qr,36182617500,6847777,147,0,1,1,0,0,0,0,1,22,1,1,0,0,0,0,0,0,0,0,0,0,0,0
44,"좋은 놈, 나쁜 놈, 이상한 놈",2008-07-17,8,3qr,43768628939,6686912,825,0,1,0,0,0,1,0,0,30,2,1,0,1,0,0,0,0,0,0,0,0,0,0
45,늑대소년,2012-10-31,12,4qr,46593107500,6654837,706,0,0,1,0,0,0,0,0,30,0,1,0,0,0,0,0,1,0,0,0,0,0,0
46,미녀는 괴로워,2006-12-14,6,4qr,48281959235,6619498,93,0,0,1,0,0,1,0,0,16,0,1,0,0,0,0,0,0,0,0,0,0,0,0
47,군함도,2017-07-26,17,3qr,50510565168,6592151,2027,1,1,0,0,0,0,0,0,25,4,1,0,0,0,0,0,0,0,0,0,0,1,0
48,아저씨,2010-08-04,10,3qr,47870792359,6282774,478,0,1,1,0,0,0,0,0,11,1,1,0,0,0,1,0,0,0,0,0,0,0,0
49,사도,2015-09-16,15,3qr,48842902501,6246849,1210,1,1,1,0,0,0,0,0,22,3,1,0,0,0,0,0,0,0,0,1,0,0,0
50,전우치,2009-12-23,9,4qr,44605437017,6136928,606,1,1,0,0,0,1,0,0,23,1,1,0,0,1,0,0,0,0,0,0,0,0,0
51,투사부일체,2006-01-19,6,1qr,48582192939,6105431,93,0,0,1,0,0,1,0,0,20,0,1,0,0,0,0,0,0,0,0,0,0,0,0
52,연평해전,2015-06-24,15,2qr,45563228330,6043784,1013,1,1,1,0,1,0,0,0,23,0,0,0,0,0,0,0,0,0,0,1,0,0,0
53,쉬리,1999-02-13,-1,1qr,40293959302,5820000,0,0,1,0,0,0,0,0,0,30,0,0,0,0,0,0,0,0,0,0,0,0,0,0
54,청년경찰,2017-08-09,17,3qr,44381150516,5653270,1102,0,1,0,0,0,1,0,0,43,0,1,0,0,0,0,0,0,0,0,0,0,1,0
55,가문의 위기(가문의 영광2),2005-09-07,5,3qr,28622355500,5635266,101,0,0,0,0,0,1,0,0,15,0,1,0,0,0,0,0,0,0,0,0,0,0,0
56,숨바꼭질,2013-08-14,13,3qr,39602987500,5604104,779,0,0,0,1,0,0,0,0,18,0,0,0,0,0,0,0,0,1,0,0,0,0,0
57,덕혜옹주,2016-08-03,16,3qr,44393828109,5599229,964,1,0,1,0,0,0,0,0,23,1,1,0,0,0,0,0,0,0,0,0,1,0,0
58,더 테러 라이브,2013-07-31,13,3qr,39866712881,5583596,743,0,0,0,0,1,0,0,1,20,0,1,0,0,0,0,0,0,1,0,0,0,0,0
59,감시자들,2013-07-03,13,3qr,39380162179,5508017,949,0,1,0,0,0,0,0,0,19,3,0,0,0,0,0,0,0,1,0,0,0,0,0
60,의형제,2010-02-04,10,1qr,40800867602,5507106,572,0,1,0,0,0,1,0,0,14,1,1,0,0,0,1,0,0,0,0,0,0,0,0
61,검은 사제들,2015-11-05,15,4qr,42407832092,5442553,1088,0,0,0,1,0,0,0,1,19,1,1,0,0,0,0,0,0,0,0,1,0,0,0
62,더 킹,2017-01-18,17,1qr,43486078535,5316325,1310,0,0,1,0,0,0,0,0,17,1,0,0,0,0,0,0,0,0,0,0,0,1,0
63,완득이,2011-10-20,11,4qr,38530503500,5310510,500,0,0,1,0,0,1,0,0,17,0,1,0,0,0,0,1,0,0,0,0,0,0,0
64,살인의 추억,2003-04-25,3,2qr,39040395912,5255376,54,0,0,0,1,0,0,0,1,25,0,1,0,0,0,0,0,0,0,0,0,0,0,0
65,타워,2012-12-25,12,4qr,37654858000,5181014,617,0,0,1,0,1,0,0,0,20,3,1,0,0,0,0,0,1,0,0,0,0,0,0
66,말아톤,2005-01-27,5,1qr,38382838421,5148022,73,0,0,1,0,0,0,0,0,16,0,1,0,0,0,0,0,0,0,0,0,0,0,0
67,추격자,2008-02-14,8,1qr,33943278500,5071619,435,0,1,0,0,0,0,0,1,28,0,1,0,1,0,0,0,0,0,0,0,0,0,0
68,독전,2018-05-22,18,2qr,43485249413,5063676,1357,0,1,0,0,0,0,0,0,31,3,0,0,0,0,0,0,0,0,0,0,0,0,1
69,동갑내기 과외하기,2003-02-07,3,1qr,30103949502,4937573,54,0,0,0,0,0,1,0,0,22,0,1,0,0,0,0,0,0,0,0,0,0,0,0
70,바람과 함께 사라지다,2012-08-08,12,3qr,34614661161,4909937,694,0,0,1,0,0,0,0,0,19,0,0,0,0,0,0,0,1,0,0,0,0,0,0
71,공작,2018-08-08,18,3qr,41476760876,4815227,1317,1,1,0,0,0,0,0,1,44,6,1,0,0,0,0,0,0,0,0,0,0,0,1
72,"님아, 그 강을 건너지 마오",2014-11-27,14,4qr,37355277679,4801527,206,0,0,1,0,0,0,0,0,1,0,0,0,0,0,0,0,0,0,1,0,0,0,0
73,조선명탐정 : 각시투구꽃의 비밀,2011-01-27,11,1qr,35841769500,4786259,611,1,0,0,0,0,1,0,0,29,1,1,0,0,0,0,1,0,0,0,0,0,0,0
74,군도: 민란의 시대,2014-07-23,14,3qr,36987755999,4774895,1394,1,1,0,0,0,0,0,0,40,1,1,0,0,0,0,0,0,0,1,0,0,0,0
75,범죄와의 전쟁: 나쁜놈들 전성시대,2012-02-02,12,1qr,36538823500,4719872,699,0,1,0,0,0,0,0,1,29,0,1,0,0,0,0,0,1,0,0,0,0,0,0
76,신세계,2013-02-21,13,1qr,34881330905,4682492,671,0,1,0,0,0,0,0,1,17,1,0,0,0,0,0,0,0,1,0,0,0,0,0
77,도가니,2011-09-22,11,3qr,35566854800,4662822,644,0,0,0,1,0,0,0,0,20,0,1,0,0,0,0,1,0,0,0,0,0,0,0
78,내 아내의 모든 것,2012-05-17,12,2qr,34222160500,4598583,563,0,0,1,0,0,1,0,0,26,0,0,0,0,0,0,0,1,0,0,0,0,0,0
79,판도라,2016-12-07,16,4qr,36064461064,4583645,1166,0,0,0,0,1,0,0,0,13,0,0,0,0,0,0,0,0,0,0,0,1,0,0
80,연가시,2012-07-05,12,3qr,32175400664,4515833,759,0,0,1,0,1,0,0,0,14,0,1,0,0,0,0,0,1,0,0,0,0,0,0
81,강철비,2017-12-14,17,4qr,35489666466,4452755,1426,0,1,1,0,0,0,0,0,31,3,0,0,0,0,0,0,0,0,0,0,0,1,0
82,강철중: 공공의 적 1-1,2008-06-19,8,2qr,28465757767,4300670,659,0,1,0,0,0,0,0,1,29,3,0,0,1,0,0,0,0,0,0,0,0,0,0
83,아가씨,2016-06-01,16,2qr,35211229991,4287839,1171,0,0,1,0,0,0,1,0,36,4,1,0,0,0,0,0,0,0,0,0,1,0,0
84,용의자,2013-12-24,13,4qr,30037161000,4131248,807,0,1,0,0,0,0,0,0,27,0,1,0,0,0,0,0,0,1,0,0,0,0,0
85,건축학개론,2012-03-22,12,1qr,30219800500,4110645,593,0,0,1,0,0,0,0,0,14,0,1,0,0,0,0,0,1,0,0,0,0,0,0
86,태풍,2005-12-14,5,4qr,29304939102,4094395,115,0,1,0,0,0,0,0,1,16,1,1,0,0,0,0,0,0,0,0,0,0,0,0
87,7급 공무원,2009-04-22,9,2qr,26701311856,4088799,475,0,0,1,0,0,0,0,0,19,0,1,0,0,1,0,0,0,0,0,0,0,0,0
88,색즉시공,2002-12-11,2,4qr,30192959301,4082797,41,0,0,0,0,0,1,1,0,15,0,1,1,0,0,0,0,0,0,0,0,0,0,0
89,댄싱퀸,2012-01-18,12,1qr,30129259500,4057546,534,0,0,1,0,0,0,0,0,25,1,1,0,0,0,0,0,1,0,0,0,0,0,0
90,우리 생애 최고의 순간,2008-01-10,8,1qr,26151780425,4044582,418,0,0,1,0,0,0,0,0,24,0,0,0,1,0,0,0,0,0,0,0,0,0,0
91,꾼,2017-11-22,17,4qr,31313568795,4018341,1314,0,0,1,0,0,0,0,1,39,0,1,0,0,0,0,0,0,0,0,0,0,1,0
92,타짜-신의 손,2014-09-03,14,3qr,32373120927,4015361,890,0,1,0,0,0,0,0,1,26,3,0,0,0,0,0,0,0,0,1,0,0,0,0
93,공공의 적 2,2005-01-27,5,1qr,28591920350,3911356,95,0,1,1,0,0,0,0,1,21,1,0,0,0,0,0,0,0,0,0,0,0,0,0
94,박수건달,2013-01-09,13,1qr,28379548569,3897969,599,0,0,1,0,0,1,0,0,17,0,1,0,0,0,0,0,0,1,0,0,0,0,0
95,한반도,2006-07-13,6,3qr,34930192953,3880308,126,1,1,1,0,0,0,0,0,18,1,1,0,0,0,0,0,0,0,0,0,0,0,0
96,조선명탐정 : 사라진 놉의 딸,2015-02-11,15,1qr,30456879428,3872015,811,0,0,0,0,0,1,0,0,27,5,1,0,0,0,0,0,0,0,0,1,0,0,0
97,역린,2014-04-30,14,2qr,29893297890,3849433,1054,1,0,0,0,0,0,0,0,18,1,1,0,0,0,0,0,0,0,1,0,0,0,0
98,남한산성,2017-10-03,17,4qr,31225083792,3849087,1229,1,0,1,0,0,0,0,0,25,3,1,0,0,0,0,0,0,0,0,0,0,1,0
99,쌍화점,2008-12-30,8,4qr,25616489949,3779553,499,1,0,0,0,0,0,0,0,17,0,1,0,1,0,0,0,0,0,0,0,0,0,0
100,신기전,2008-09-04,8,3qr,24314570667,3726134,585,1,1,0,0,0,0,0,0,22,3,1,0,1,0,0,0,0,0,0,0,0,0,0
101,친절한 금자씨,2005-07-29,5,3qr,29030495828,3650000,127,0,0,1,1,0,0,0,0,21,0,1,0,0,0,0,0,0,0,0,0,0,0,0
102,귀향,2016-02-24,16,1qr,27248705990,3586929,876,1,0,1,0,0,0,0,0,1,0,0,0,0,0,0,0,0,0,0,0,1,0,0
103,신의 한 수,2014-07-03,14,3qr,28810921456,3566336,794,0,1,0,0,0,0,0,0,22,1,1,0,0,0,0,0,0,0,1,0,0,0,0
104,스캔들-조선남녀상열지사,2003-10-02,3,4qr,25039102935,3522747,76,1,0,0,0,0,0,0,0,21,0,1,0,0,0,0,0,0,0,0,0,0,0,0
105,가문의 부활 - 가문의 영광3,2006-09-21,6,3qr,25039201925,3464516,114,0,0,0,0,0,1,0,0,20,0,1,0,0,0,0,0,0,0,0,0,0,0,0
106,부러진 화살,2012-01-18,12,1qr,25936754000,3459780,453,0,0,1,0,0,0,0,0,18,1,0,0,0,0,0,0,1,0,0,0,0,0,0
107,끝까지 간다,2014-05-29,14,2qr,27007303900,3450305,645,0,1,0,0,0,0,0,0,43,0,1,0,0,0,0,0,0,0,1,0,0,0,0
108,스파이,2013-09-05,13,3qr,24509269305,3435801,785,0,0,1,0,0,0,0,0,16,3,1,0,0,0,0,0,0,1,0,0,0,0,0
109,그것만이 내 세상,2018-01-17,18,1qr,27444801382,3418091,862,0,0,1,0,0,0,0,0,38,3,1,0,0,0,0,0,0,0,0,0,0,0,1
110,이끼,2010-07-14,10,3qr,25856306126,3408144,736,0,0,0,1,0,0,0,0,19,4,1,0,0,0,1,0,0,0,0,0,0,0,0
111,포화속으로,2010-06-16,10,2qr,24217600897,3385706,736,0,1,0,0,0,0,0,0,14,0,1,0,0,0,1,0,0,0,0,0,0,0,0
112,아이 캔 스피크,2017-09-21,17,3qr,25532214986,3280243,1140,0,0,1,0,0,0,0,0,21,0,0,0,0,0,0,0,0,0,0,0,0,1,0
113,올드보이,2003-11-21,3,4qr,30294919204,3269000,45,0,1,0,0,0,0,0,0,20,0,0,0,0,0,0,0,0,0,0,0,0,0,0
114,마녀,2018-06-27,18,2qr,27242303463,3189132,1117,0,1,0,0,0,0,0,0,22,0,0,0,0,0,0,0,0,0,0,0,0,0,1
115,탐정: 리턴즈,2018-06-13,18,2qr,26909890178,3152934,1041,0,1,0,0,0,0,0,0,39,0,1,0,0,0,0,0,0,0,0,0,0,0,1
116,어린 신부,2004-04-02,4,2qr,29402040291,3149500,50,0,0,1,0,0,0,0,0,43,0,0,0,0,0,0,0,0,0,0,0,0,0,0
117,오! 브라더스,2003-09-04,3,3qr,23291929492,3148748,51,0,0,1,0,0,0,0,0,29,0,1,0,0,0,0,0,0,0,0,0,0,0,0
118,"장화, 홍련",2003-06-13,3,2qr,25039293950,3146217,52,0,0,0,1,0,0,0,0,37,0,0,0,0,0,0,0,0,0,0,0,0,0,0
119,그놈 목소리,2007-02-01,7,1qr,28394838492,3143247,110,0,0,1,0,0,0,0,1,28,1,1,0,0,0,0,0,0,0,0,0,0,0,0
120,우리들의 행복한 시간,2006-09-14,6,3qr,24344394332,3132320,118,0,0,1,0,0,0,0,0,26,0,0,0,0,0,0,0,0,0,0,0,0,0,0
121,퀵,2011-07-20,11,3qr,22960890000,3125069,512,0,1,0,0,0,0,0,0,33,0,1,0,0,0,0,1,0,0,0,0,0,0,0
122,감기,2013-08-14,13,3qr,21784202000,3119023,806,0,0,0,0,1,0,0,0,28,1,0,0,0,0,0,0,0,1,0,0,0,0,0
123,말죽거리 잔혹사,2004-01-16,4,1qr,22304030502,3115767,67,0,0,1,0,0,0,0,0,42,0,1,0,0,0,0,0,0,0,0,0,0,0,0
124,광복절 특사,2002-11-20,2,4qr,22013858293,3101900,71,0,0,1,0,0,0,0,0,38,0,0,1,0,0,0,0,0,0,0,0,0,0,0
125,마파도,2005-03-10,5,1qr,21030593022,3090467,58,0,0,1,0,0,1,0,0,35,0,1,0,0,0,0,0,0,0,0,0,0,0,0
126,하모니,2010-01-28,10,1qr,21992266198,3068544,405,0,0,1,0,0,0,0,0,39,1,1,0,0,0,1,0,0,0,0,0,0,0,0
127,거북이 달린다,2009-06-11,9,2qr,20857347292,3059812,379,0,1,1,0,0,0,0,0,34,0,1,0,0,1,0,0,0,0,0,0,0,0,0
128,너는 내 운명,2005-09-23,5,3qr,20395939201,3051134,92,0,0,1,0,0,0,0,0,30,0,1,0,0,0,0,0,0,0,0,0,0,0,0
129,스물,2015-03-25,15,1qr,23558988686,3044134,926,0,0,1,0,0,0,0,0,30,0,0,0,0,0,0,0,0,0,0,1,0,0,0
130,식객,2007-11-01,7,4qr,2.21E+11,3038868,88,0,0,1,0,0,0,0,0,26,0,1,0,0,0,0,0,0,0,0,0,0,0,0
131,방자전,2010-06-02,10,2qr,22853629794,3035116,512,1,0,0,0,0,0,1,0,33,0,1,0,0,0,1,0,0,0,0,0,0,0,0
132,마더,2009-05-28,9,2qr,20195373838,3013523,648,0,0,1,0,0,0,0,0,37,1,1,0,0,1,0,0,0,0,0,0,0,0,0
133,오싹한 연애,2011-12-01,11,4qr,22010977000,3009356,469,0,0,1,0,0,0,0,0,36,0,1,0,0,0,0,1,0,0,0,0,0,0,0
134,형,2016-11-23,16,4qr,23129111893,2982022,993,0,0,1,0,0,0,0,0,28,1,1,0,0,0,0,0,0,0,0,0,1,0,0
135,친구 2,2013-11-14,13,4qr,21804687513,2971475,968,0,1,0,0,0,0,0,0,26,0,1,0,0,0,0,0,0,1,0,0,0,0,0
136,26년,2012-11-29,12,4qr,21241327145,2963449,604,0,1,0,0,0,0,0,0,29,0,0,0,0,0,0,0,1,0,0,0,0,0,0
137,워낭소리,2009-01-15,9,1qr,19259975032,2962897,20,0,0,1,0,0,0,0,0,38,0,0,0,0,1,0,0,0,0,0,0,0,0,0
138,고지전,2011-07-20,11,3qr,21968557600,2945137,585,0,1,0,0,0,0,0,0,40,0,1,0,0,0,0,1,0,0,0,0,0,0,0
139,프리즌,2017-03-23,17,1qr,23790276987,2931897,1047,0,0,1,0,0,0,0,0,28,0,1,0,0,0,0,0,0,0,0,0,0,1,0
140,헬로우 고스트,2010-12-22,10,4qr,21154651779,2897477,472,0,0,1,0,0,1,0,0,34,0,0,0,0,0,1,0,0,0,0,0,0,0,0
141,귀신이 산다,2004-09-17,4,3qr,21020492910,2890000,70,0,0,1,0,0,0,0,0,29,0,0,0,0,0,0,0,0,0,0,0,0,0,0
142,극비수사,2015-06-18,15,2qr,22389535897,2860786,894,0,1,0,0,0,0,0,0,34,2,1,0,0,0,0,0,0,0,0,1,0,0,0
143,표적,2014-04-30,14,2qr,22256359300,2841788,665,0,1,0,0,0,0,0,0,31,1,1,0,0,0,0,0,0,0,1,0,0,0,0
144,황산벌,2003-10-17,3,4qr,21929492842,2771236,71,1,1,0,0,0,0,0,0,34,0,0,0,0,0,0,0,0,0,0,0,0,0,0
145,부당거래,2010-10-28,10,4qr,21326977937,2766436,502,0,1,0,0,0,0,0,1,34,1,1,0,0,0,1,0,0,0,0,0,0,0,0
146,1번가의 기적,2007-02-14,7,1qr,21020492842,2750457,80,0,0,1,0,0,0,0,0,34,0,1,0,0,0,0,0,0,0,0,0,0,0,0
147,시라노; 연애조작단,2010-09-16,10,3qr,20171151599,2731828,402,0,0,1,0,0,0,0,0,34,0,1,0,0,0,1,0,0,0,0,0,0,0,0
148,내가 살인범이다,2012-11-08,12,4qr,20392346000,2729808,547,0,0,0,1,0,0,0,0,30,1,1,0,0,0,0,0,1,0,0,0,0,0,0
149,소원,2013-10-02,13,4qr,18529792100,2711071,641,0,0,1,0,0,0,0,0,28,3,1,0,0,0,0,0,0,1,0,0,0,0,0
150,친구,2001-03-31,1,1qr,19204929402,2678846,0,0,0,1,0,0,0,0,0,41,0,0,0,0,0,0,0,0,0,0,0,0,0,0
151,곤지암,2018-03-28,18,1qr,21442440144,2675618,1124,0,0,0,1,0,0,0,0,32,0,1,0,0,0,0,0,0,0,0,0,0,0,1
152,살인자의 기억법,2017-09-06,17,3qr,21375287492,2658589,1064,0,0,0,1,0,0,0,0,33,8,1,0,0,0,0,0,0,0,0,0,0,1,0
153,후궁 : 제왕의 첩,2012-06-06,12,2qr,19330302500,2636320,624,1,0,0,0,0,0,0,0,28,0,1,0,0,0,0,0,1,0,0,0,0,0,0
154,탐정 : 더 비기닝,2015-09-24,15,3qr,20463956973,2625686,764,0,1,0,0,0,0,0,0,42,0,1,0,0,0,0,0,0,0,0,1,0,0,0
155,지금 만나러 갑니다,2018-03-14,18,1qr,20801160128,2602316,1163,0,0,1,0,0,0,0,0,27,0,1,0,0,0,0,0,0,0,0,0,0,0,1
156,위험한 상견례,2011-03-31,11,1qr,19174920500,2595625,524,0,0,1,0,0,0,0,0,32,0,1,0,0,0,0,1,0,0,0,0,0,0,0
157,아수라,2016-09-28,16,3qr,20576226662,2594028,1278,0,1,0,0,0,0,0,0,31,3,1,0,0,0,0,0,0,0,0,0,1,0,0
158,보안관,2017-05-03,17,2qr,20844405409,2588617,1091,0,1,0,0,0,0,0,1,38,2,1,0,0,0,0,0,0,0,0,0,0,1,0
159,굿모닝 프레지던트,2009-10-22,9,4qr,18770889320,2583294,586,0,0,1,0,0,0,0,0,42,2,1,0,0,1,0,0,0,0,0,0,0,0,0
160,음란서생,2006-02-23,6,1qr,19204929402,2576022,84,1,0,0,0,0,0,1,0,26,0,1,0,0,0,0,0,0,0,0,0,0,0,0
161,내 머리 속의 지우개,2004-11-05,4,4qr,20392918482,2565078,68,0,0,1,0,0,0,0,0,43,0,1,0,0,0,0,0,0,0,0,0,0,0,0
162,기술자들,2014-12-24,14,4qr,19894297783,2564340,641,0,1,0,0,0,0,0,1,27,0,1,0,0,0,0,0,0,0,1,0,0,0,0
163,내 생애 가장 아름다운 일주일,2005-10-07,5,4qr,19204928582,2533103,105,0,0,1,0,0,0,0,0,31,0,1,0,0,0,0,0,0,0,0,0,0,0,0
164,조작된 도시,2017-02-09,17,1qr,20138295587,2514943,1019,0,1,0,0,0,0,0,0,42,1,1,0,0,0,0,0,0,0,0,0,0,1,0
165,공동경비구역 JSA,2000-09-08,1,3qr,18204929402,2513540,0,1,1,0,0,0,0,0,0,36,0,1,0,0,0,0,0,0,0,0,0,0,0,0
166,우리 형,2004-10-08,4,4qr,18452838593,2479585,77,0,0,1,0,0,0,0,0,43,0,1,0,0,0,0,0,0,0,0,0,0,0,0
167,반창꼬,2012-12-19,12,4qr,17911274787,2475797,466,0,0,1,0,0,0,0,0,34,1,0,0,0,0,0,0,1,0,0,0,0,0,0
168,박수칠 때 떠나라,2005-08-11,5,3qr,17623829592,2475291,78,0,1,0,0,0,0,0,0,29,0,0,0,0,0,0,0,0,0,0,0,0,0,0
169,선생 김봉두,2003-03-28,3,1qr,18492959295,2472135,60,0,0,1,0,0,0,0,0,31,0,0,0,0,0,0,0,0,0,0,0,0,0,0
170,조선명탐정: 흡혈괴마의 비밀,2018-02-08,18,1qr,19823058764,2444180,1249,1,0,0,0,0,0,0,0,33,7,1,0,0,0,0,0,0,0,0,0,0,0,1
171,화차,2012-03-08,12,1qr,18459203000,2436400,548,0,0,0,1,0,0,0,0,29,0,0,0,0,0,0,0,1,0,0,0,0,0,0
172,이웃사람,2012-08-22,12,3qr,18087442369,2434099,600,0,0,0,1,0,0,0,0,43,0,1,0,0,0,0,0,1,0,0,0,0,0,0
173,광식이 동생 광태,2005-11-23,5,4qr,18294059295,2430200,83,0,0,1,0,0,0,0,0,41,0,0,0,0,0,0,0,0,0,0,0,0,0,0
174,재심,2017-02-15,17,1qr,19264792637,2421011,935,0,0,1,0,0,0,0,0,35,1,0,0,0,0,0,0,0,0,0,0,0,1,0
175,화이: 괴물을 삼킨 아이,2013-10-09,13,4qr,17695516795,2394466,817,0,1,0,1,0,0,0,0,42,1,1,0,0,0,0,0,0,1,0,0,0,0,0
176,의뢰인,2011-09-29,11,3qr,17797042500,2393086,522,0,0,1,0,0,0,0,1,29,0,1,0,0,0,0,1,0,0,0,0,0,0,0
177,목격자,2018-08-15,18,3qr,20493399260,2379553,1021,0,0,1,0,0,0,0,0,35,0,0,0,0,0,0,0,0,0,0,0,0,0,1
178,가문의 영광4 - 가문의 수난,2011-09-07,11,3qr,17792219500,2368267,537,0,0,0,0,0,1,0,0,39,0,0,0,0,0,0,1,0,0,0,0,0,0,0
179,블라인드,2011-08-10,11,3qr,18387176500,2367272,404,0,1,0,0,0,0,0,0,27,0,0,0,0,0,0,1,0,0,0,0,0,0,0
180,박열,2017-06-28,17,2qr,18093543795,2359174,1176,1,0,0,0,0,0,0,0,28,0,0,0,0,0,0,0,0,0,0,0,0,1,0
181,맨발의 기봉이,2006-04-26,6,2qr,19205929592,2347311,71,0,0,1,0,0,0,0,0,31,0,1,0,0,0,0,0,0,0,0,0,0,0,0
182,바람의 파이터,2004-08-12,4,3qr,18284828582,2346446,41,0,1,0,0,0,0,0,0,36,0,0,0,0,0,0,0,0,0,0,0,0,0,0
183,작업의 정석,2005-12-21,5,4qr,18295829581,2342232,75,0,0,1,0,0,0,0,0,32,0,1,0,0,0,0,0,0,0,0,0,0,0,0
184,첫사랑 사수 궐기 대회,2003-06-27,3,2qr,18948843484,2339410,70,0,0,1,0,0,0,0,0,41,0,0,0,0,0,0,0,0,0,0,0,0,0,0
185,미인도,2008-11-13,8,4qr,15531621371,2325715,463,1,0,0,0,0,0,0,0,27,0,1,0,1,0,0,0,0,0,0,0,0,0,0
186,라스트 갓파더,2010-12-29,10,4qr,16832542997,2316099,547,1,0,0,0,0,0,0,0,32,0,1,0,0,0,1,0,0,0,0,0,0,0,0
187,주유소 습격사건,1999-10-02,-1,4qr,17858484848,2310000,0,0,1,0,0,0,1,0,0,26,0,0,0,0,0,0,0,0,0,0,0,0,0,0
188,하녀,2010-05-13,10,2qr,17310669976,2304487,577,1,0,0,0,0,0,0,0,37,0,0,0,0,0,1,0,0,0,0,0,0,0,0
189,"달콤, 살벌한 연인",2006-04-06,6,2qr,17203949595,2286745,60,0,0,1,0,0,0,0,0,42,0,1,0,0,0,0,0,0,0,0,0,0,0,0
190,혈의 누,2005-05-04,5,2qr,17493949596,2274995,98,0,1,0,0,0,0,0,0,39,0,0,0,0,0,0,0,0,0,0,0,0,0,0
191,극락도 살인사건,2007-04-12,7,2qr,17394838583,2259511,85,0,0,0,1,0,0,0,0,35,1,0,0,0,0,0,0,0,0,0,0,0,0,0
192,위대한 유산,2003-10-24,3,4qr,15385838502,2251491,57,0,0,1,0,0,0,0,0,43,0,1,0,0,0,0,0,0,0,0,0,0,0,0
193,7광구,2011-08-04,11,3qr,19391653500,2242510,812,0,1,0,0,0,0,0,0,35,3,1,0,0,0,0,1,0,0,0,0,0,0,0
194,박쥐,2009-04-30,9,2qr,15051788827,2237271,462,0,0,0,1,0,0,0,0,30,2,1,0,0,1,0,0,0,0,0,0,0,0,0
195,싱글즈,2003-07-11,3,3qr,15020500523,2203042,58,0,0,1,0,0,0,0,0,40,0,0,0,0,0,0,0,0,0,0,0,0,0,0
196,마당을 나온 암탉,2011-07-28,11,3qr,14669905500,2201722,345,0,0,1,0,0,0,0,0,26,0,1,0,0,0,0,1,0,0,0,0,0,0,0
197,내 여자친구를 소개합니다,2004-06-03,4,2qr,18395828395,2199359,75,0,0,1,0,0,0,0,0,40,0,0,0,0,0,0,0,0,0,0,0,0,0,0
198,댄서의 순정,2005-04-28,5,2qr,17385821935,2197555,68,0,0,1,0,0,0,0,0,36,0,0,0,0,0,0,0,0,0,0,0,0,0,0
199,악의 연대기,2015-05-14,15,2qr,17361815332,2192525,776,0,0,0,1,0,0,0,0,34,0,1,0,0,0,0,0,0,0,0,1,0,0,0
200,강남 1970,2015-01-21,15,1qr,17717971499,2192172,841,0,1,0,0,0,0,0,0,31,0,1,0,0,0,0,0,0,0,0,1,0,0,0
201,바르게 살자,2007-10-18,7,4qr,18385928385,2190250,79,0,0,1,0,0,0,0,0,33,1,1,0,0,0,0,0,0,0,0,0,0,0,0
202,늑대의 유혹,2004-07-22,4,3qr,18395938295,2189453,40,0,0,1,0,0,0,0,0,41,0,1,0,0,0,0,0,0,0,0,0,0,0,0
203,황해,2010-12-22,10,4qr,16765970362,2167426,618,0,1,0,0,0,0,0,1,28,0,0,0,0,0,1,0,0,0,0,0,0,0,0
204,초능력자,2010-11-10,10,4qr,15618440958,2164805,622,0,1,0,0,0,0,0,0,31,0,0,0,0,0,1,0,0,0,0,0,0,0,0
205,내 사랑 내 곁에,2009-09-24,9,3qr,15764312409,2160265,474,0,0,1,0,0,0,0,0,37,1,1,0,0,1,0,0,0,0,0,0,0,0,0
206,마이 웨이,2011-12-21,11,4qr,15994803000,2142622,645,0,1,0,0,0,0,0,0,36,2,0,0,0,0,0,1,0,0,0,0,0,0,0
207,나의 사랑 나의 신부,2014-10-08,14,4qr,16636404305,2141155,629,0,0,1,0,0,0,0,0,42,0,0,0,0,0,0,0,0,0,1,0,0,0,0
208,범죄의 재구성,2004-04-15,4,2qr,16930593059,2129358,50,0,0,1,0,0,0,0,1,40,0,1,0,0,0,0,0,0,0,0,0,0,0,0
209,사랑,2007-09-19,7,3qr,16384958395,2123815,78,0,0,1,0,0,0,0,0,39,0,1,0,0,0,0,0,0,0,0,0,0,0,0
210,세븐 데이즈,2007-11-14,7,4qr,38146000,2120741,297,0,0,1,0,0,0,0,0,36,0,0,0,0,0,0,0,0,0,0,0,0,0,0
211,굿바이 싱글,2016-06-29,16,2qr,16912706195,2108273,841,0,0,1,0,0,0,0,0,26,1,1,0,0,0,0,0,0,0,0,0,1,0,0
212,사생결단,2006-04-27,6,2qr,830192935,2104716,78,0,1,0,0,0,0,0,0,31,0,1,0,0,0,0,0,0,0,0,0,0,0,0
213,몽타주,2013-05-16,13,2qr,15002458500,2095592,540,0,0,1,0,0,0,0,0,40,0,0,0,0,0,0,0,0,1,0,0,0,0,0
214,색즉시공 시즌2,2007-12-12,7,4qr,511288500,2088134,89,0,0,0,0,0,1,1,0,26,0,1,0,0,0,0,0,0,0,0,0,0,0,0
215,내부자들: 디 오리지널,2015-12-31,15,4qr,16973885275,2083999,838,0,0,0,0,0,0,0,0,38,0,1,0,0,0,0,0,0,0,0,1,0,0,0
216,쩨쩨한 로맨스,2010-12-01,10,4qr,15901620661,2080574,463,0,0,1,0,0,0,0,0,43,0,1,0,0,0,1,0,0,0,0,0,0,0,0
217,청춘만화,2006-03-23,6,1qr,13929502951,2066354,86,0,0,1,0,0,0,0,0,29,0,1,0,0,0,0,0,0,0,0,0,0,0,0
218,눈에는 눈 이에는 이,2008-07-31,8,3qr,13414023500,2058764,445,0,1,0,0,0,0,0,0,35,0,1,0,1,0,0,0,0,0,0,0,0,0,0
219,뷰티 인사이드,2015-08-20,15,3qr,16155795131,2054297,648,0,0,1,0,0,0,0,0,28,1,0,0,0,0,0,0,0,0,0,1,0,0,0
220,봉이 김선달,2016-07-06,16,3qr,16227052642,2051277,942,1,0,0,0,0,0,0,0,32,0,1,0,0,0,0,0,0,0,0,0,1,0,0
221,아라한 장풍대작전,2004-04-30,4,2qr,19402959201,2050000,87,0,1,0,0,0,0,0,0,40,1,0,0,0,0,0,0,0,0,0,0,0,0,0
222,비열한 거리,2006-06-15,6,2qr,7992950205,2047808,82,0,1,0,0,0,0,0,0,29,0,1,0,0,0,0,0,0,0,0,0,0,0,0
223,시실리 2km,2004-08-13,4,3qr,10204928492,1987380,36,0,0,0,1,0,0,0,0,30,0,1,0,0,0,0,0,0,0,0,0,0,0,0
224,남자가 사랑할 때,2014-01-22,14,1qr,14510222300,1979311,531,0,0,1,0,0,0,0,0,28,1,0,0,0,0,0,0,0,0,1,0,0,0,0
225,효자동 이발사,2004-05-05,4,2qr,10294959254,1972377,65,0,0,1,0,0,0,0,0,30,0,1,0,0,0,0,0,0,0,0,0,0,0,0
226,가족,2004-09-03,4,3qr,9928485929,1932304,44,0,0,1,0,0,0,0,0,34,0,0,0,0,0,0,0,0,0,0,0,0,0,0
227,애자,2009-09-09,9,3qr,13785879439,1922634,262,0,0,1,0,0,0,0,0,38,0,0,0,0,1,0,0,0,0,0,0,0,0,0
228,잠복근무,2005-03-17,5,1qr,10203949205,1914941,64,0,1,0,0,0,1,0,0,30,0,1,0,0,0,0,0,0,0,0,0,0,0,0
229,그림자 살인,2009-04-02,9,2qr,12805808556,1914779,387,0,1,0,0,0,0,0,0,36,0,1,0,0,1,0,0,0,0,0,0,0,0,0
230,오늘의 연애,2015-01-14,15,1qr,14924654487,1891993,709,0,0,1,0,0,1,0,0,38,0,1,0,0,0,0,0,0,0,0,1,0,0,0
231,글러브,2011-01-20,11,1qr,13757574500,1888100,605,0,0,1,0,0,0,0,0,32,0,1,0,0,0,0,1,0,0,0,0,0,0,0
232,라디오 스타,2006-09-28,6,3qr,13802030502,1879501,72,0,0,1,0,0,0,0,0,36,1,0,0,0,0,0,0,0,0,0,0,0,0,0
233,해결사,2010-09-09,10,3qr,14063913437,1873327,524,0,1,0,0,0,0,0,0,32,3,0,0,0,0,1,0,0,0,0,0,0,0,0
234,코리아,2012-05-03,12,2qr,13448848500,1872681,537,0,0,1,0,0,0,0,0,27,0,1,0,0,0,0,0,1,0,0,0,0,0,0
235,아이들...,2011-02-17,11,1qr,13579712500,1867849,504,0,0,0,1,0,0,0,0,34,0,1,0,0,0,0,1,0,0,0,0,0,0,0
236,연애의 온도,2013-03-21,13,1qr,13798864446,1865195,567,0,0,1,0,0,0,0,0,38,0,1,0,0,0,0,0,0,1,0,0,0,0,0
237,구세주,2006-02-16,6,1qr,13920949205,1858668,54,0,0,1,0,0,0,0,0,37,0,0,0,0,0,0,0,0,0,0,0,0,0,0
238,조폭마누라2-돌아온 전설,2003-09-05,3,3qr,13029492059,1858077,55,0,1,0,0,0,0,0,0,42,0,1,0,0,0,0,0,0,0,0,0,0,0,0
239,노무현입니다,2017-05-25,17,2qr,14554935612,1854867,775,0,0,1,0,0,0,0,0,42,0,0,0,0,0,0,0,0,0,0,0,0,1,0
240,집으로 가는 길,2013-12-11,13,4qr,13048519745,1854625,740,0,0,1,0,0,0,0,0,36,0,1,0,0,0,0,0,0,1,0,0,0,0,0
241,악마를 보았다,2010-08-12,10,3qr,14148937025,1848418,494,0,0,0,1,0,0,0,1,41,0,1,0,0,0,1,0,0,0,0,0,0,0,0
242,바람피기 좋은 날,2007-02-08,7,1qr,9020402057,1847875,95,0,0,1,0,0,0,0,0,37,0,0,0,0,0,0,0,0,0,0,0,0,0,0
243,나의 PS 파트너,2012-12-06,12,4qr,13896872616,1831725,552,0,0,1,0,0,1,0,0,33,0,1,0,0,0,0,0,1,0,0,0,0,0,0
244,흡혈형사 나도열,2006-02-09,6,1qr,11020304929,1824822,70,0,1,0,0,0,0,0,0,37,0,1,0,0,0,0,0,0,0,0,0,0,0,0
245,차우,2009-07-15,9,3qr,12676951144,1799356,397,0,0,0,0,0,0,0,0,40,0,1,0,0,1,0,0,0,0,0,0,0,0,0
246,목포는 항구다,2004-02-20,4,1qr,9302959291,1795700,32,0,1,0,0,0,0,0,0,32,0,0,0,0,0,0,0,0,0,0,0,0,0,0
247,아내가 결혼했다,2008-10-23,8,4qr,11995855000,1788748,414,0,0,1,0,0,0,0,0,32,0,1,0,1,0,0,0,0,0,0,0,0,0,0
248,여고괴담 세번째 이야기: 여우계단,2003-08-01,3,3qr,13205144600,1784479,44,0,0,0,1,0,0,0,0,40,0,0,0,0,0,0,0,0,0,0,0,0,0,0
249,공범,2013-10-24,13,4qr,12333110882,1766285,611,0,0,1,0,0,0,0,0,33,0,1,0,0,0,0,0,0,1,0,0,0,0,0
250,대호,2015-12-16,15,4qr,13489904632,1762742,892,0,1,0,0,0,0,0,0,39,1,0,0,0,0,0,0,0,0,0,1,0,0,0
251,제보자,2014-10-02,14,4qr,13515762802,1755181,676,0,0,1,0,0,0,0,0,35,1,0,0,0,0,0,0,0,0,1,0,0,0,0
252,바람난 가족,2003-08-14,3,3qr,12937109200,1748258,32,0,0,0,0,0,1,0,0,32,0,0,0,0,0,0,0,0,0,0,0,0,0,0
253,거룩한 계보,2006-10-19,6,4qr,13294438740,1744677,94,0,0,0,0,0,1,0,0,37,1,1,0,0,0,0,0,0,0,0,0,0,0,0
254,전설의 주먹,2013-04-10,13,2qr,12777314500,1744585,724,0,1,0,0,0,0,0,0,37,0,1,0,0,0,0,0,0,1,0,0,0,0,0
255,연애의 목적,2005-06-10,5,2qr,12377516010,1735977,75,0,0,1,0,0,1,0,0,36,0,1,0,0,0,0,0,0,0,0,0,0,0,0
256,엽기적인 그녀,2001-07-26,1,3qr,12722622360,1735692,0,0,0,0,0,0,1,0,0,38,0,0,0,0,0,0,0,0,0,0,0,0,0,0
257,주먹이 운다(Crying Fist),2005-04-01,5,2qr,13032716580,1728477,71,0,1,0,0,0,0,0,0,27,0,0,0,0,0,0,0,0,0,0,0,0,0,0
258,러브픽션,2012-02-29,12,1qr,13200412500,1726202,617,0,0,1,0,0,0,0,0,25,0,0,0,0,0,0,0,1,0,0,0,0,0,0
259,평양성,2011-01-27,11,1qr,12684530500,1717566,451,1,0,0,0,0,0,0,0,23,1,1,0,0,0,0,1,0,0,0,0,0,0,0
260,파파로티,2013-03-14,13,1qr,11825934000,1716429,552,0,0,1,0,0,0,0,0,34,2,1,0,0,0,0,0,0,1,0,0,0,0,0
261,쎄시봉,2015-02-05,15,1qr,13570381911,1714803,829,1,0,0,0,0,0,0,0,22,2,1,0,0,0,0,0,0,0,0,1,0,0,0
262,밀양,2007-05-23,7,2qr,12663535056,1710364,83,0,0,1,0,0,0,0,0,26,1,0,0,0,0,0,0,0,0,0,0,0,0,0
263,님은 먼 곳에,2008-07-24,8,3qr,11211235000,1706576,499,1,0,1,0,0,0,0,0,28,1,1,0,1,0,0,0,0,0,0,0,0,0,0
264,품행제로,2002-12-26,2,4qr,12218332770,1694637,29,0,1,0,0,0,0,0,0,27,0,0,1,0,0,0,0,0,0,0,0,0,0,0
265,조폭마누라3,2006-12-28,6,4qr,13525410465,1690465,71,0,1,0,0,0,1,0,0,34,0,1,0,0,0,0,0,0,0,0,0,0,0,0
266,불꽃처럼 나비처럼,2009-09-24,9,3qr,12447633504,1690294,437,0,1,0,0,0,0,0,0,22,0,1,0,0,1,0,0,0,0,0,0,0,0,0
267,알포인트,2004-08-20,4,3qr,12042570000,1689000,42,0,0,0,1,0,0,0,0,22,0,0,0,0,0,0,0,0,0,0,0,0,0,0
268,피끓는 청춘,2014-01-22,4,1qr,11688382888,1676040,679,0,0,1,0,0,0,0,0,34,0,1,0,0,0,0,0,0,0,0,0,0,0,0
269,공모자들,2012-08-29,12,3qr,12240964500,1646142,496,0,0,0,1,0,0,0,1,36,2,0,0,0,0,0,0,1,0,0,0,0,0,0
270,그대를 사랑합니다,2011-02-17,11,1qr,12040035000,1645126,242,0,0,1,0,0,0,0,0,32,0,0,0,0,0,0,1,0,0,0,0,0,0,0
271,임금님의 사건수첩,2017-04-26,17,2qr,12648793723,1634403,1054,1,0,0,0,0,0,0,0,25,0,1,0,0,0,0,0,0,0,0,0,0,1,0
272,고死 : 피의 중간고사,2008-08-07,8,3qr,10299976000,1634051,270,0,0,0,1,0,0,0,0,38,0,0,0,1,0,0,0,0,0,0,0,0,0,0
273,두근두근 내 인생,2014-09-03,14,3qr,12291081634,1624601,629,0,0,1,0,0,0,0,0,21,0,1,0,0,0,0,0,0,0,1,0,0,0,0
274,권순분여사 납치사건,2007-09-12,7,3qr,11690551800,1619190,86,0,0,0,0,0,1,0,0,35,1,0,0,0,0,0,0,0,0,0,0,0,0,0
275,우아한 거짓말,2014-03-13,14,1qr,11727360300,1618988,555,0,0,1,0,0,0,0,0,32,1,0,0,0,0,0,0,0,0,1,0,0,0,0
276,무방비도시,2008-01-10,8,1qr,10591349944,1613728,336,0,1,0,0,0,0,0,0,22,0,1,0,1,0,0,0,0,0,0,0,0,0,0
277,하울링,2012-02-16,12,1qr,11765293500,1612554,550,0,0,0,0,0,0,0,0,31,0,1,0,0,0,0,0,1,0,0,0,0,0,0
278,복면달호,2007-02-14,7,1qr,11810037360,1611192,64,0,0,0,0,0,1,0,0,23,0,0,0,0,0,0,0,0,0,0,0,0,0,0
279,신라의 달밤,2001-06-23,1,2qr,12576210020,1608211,0,0,0,0,0,0,1,0,0,22,0,0,0,0,0,0,0,0,0,0,0,0,0,0
280,가문의 영광,2002-09-12,2,3qr,11449175750,1605775,45,0,0,1,0,0,0,0,0,29,0,0,1,0,0,0,0,0,0,0,0,0,0,0
281,더 폰,2015-10-22,15,4qr,12309164568,1593694,794,0,1,0,0,0,0,0,1,31,0,0,0,0,0,0,0,0,0,0,1,0,0,0
282,간 큰 가족,2005-06-09,5,2qr,11517664740,1593038,75,0,0,0,0,0,1,0,0,30,0,1,0,0,0,0,0,0,0,0,0,0,0,0
283,집으로...,2002-04-04,2,2qr,11984766800,1576943,32,0,0,1,0,0,0,0,0,21,0,0,1,0,0,0,0,0,0,0,0,0,0,0
284,와일드 카드,2003-05-16,3,2qr,12418254900,1571931,47,0,1,0,0,0,0,0,0,34,0,0,0,0,0,0,0,0,0,0,0,0,0,0
285,무적자,2010-09-16,10,3qr,11816488677,1571432,416,0,1,0,0,0,0,0,0,26,0,1,0,0,0,1,0,0,0,0,0,0,0,0
286,원스어폰어타임,2008-01-31,8,1qr,10180143111,1562486,315,0,1,0,0,0,0,0,0,26,0,0,0,1,0,0,0,0,0,0,0,0,0,0
287,야수와 미녀,2005-10-27,5,4qr,12493378564,1561282,54,0,0,0,0,0,1,0,0,34,0,1,0,0,0,0,0,0,0,0,0,0,0,0
288,마파도2,2007-01-18,7,1qr,12643086591,1560297,66,0,0,0,0,0,1,0,0,18,0,1,0,0,0,0,0,0,0,0,0,0,0,0
289,용의자X,2012-10-18,12,4qr,11241013000,1552055,553,0,0,1,0,0,0,0,0,35,0,1,0,0,0,0,0,1,0,0,0,0,0,0
290,클래식,2003-01-30,3,1qr,11775260447,1545107,49,0,0,1,0,0,0,0,0,25,0,0,0,0,0,0,0,0,0,0,0,0,0,0
291,해바라기,2006-11-23,6,4qr,12183828526,1543429,64,0,0,1,0,0,0,0,0,34,0,1,0,0,0,0,0,0,0,0,0,0,0,0
292,유감스러운 도시,2009-01-22,9,1qr,10300187478,1534911,375,0,1,0,0,0,0,0,0,30,0,1,0,0,1,0,0,0,0,0,0,0,0,0
293,작전,2009-02-12,9,1qr,10198304795,1534407,393,0,0,1,0,0,0,0,0,17,0,1,0,0,1,0,0,0,0,0,0,0,0,0
294,S 다이어리,2004-10-22,4,4qr,10876064000,1531840,58,0,0,0,0,0,1,0,0,35,0,0,0,0,0,0,0,0,0,0,0,0,0,0
295,중천,2006-12-21,6,4qr,10891567860,1531220,87,1,0,0,0,0,0,0,0,27,0,1,0,0,0,0,0,0,0,0,0,0,0,0
296,내사랑 싸가지,2004-01-16,4,1qr,11937570000,1513000,33,0,0,0,0,0,1,0,0,17,0,0,0,0,0,0,0,0,0,0,0,0,0,0
297,너의 결혼식,2018-08-22,18,3qr,12565641300,1510988,962,0,0,1,0,0,0,0,0,35,0,0,0,0,0,0,0,0,0,0,0,0,0,1
298,퍼펙트 게임,2011-12-21,11,4qr,11220408500,1507084,413,0,0,1,0,0,0,0,0,24,0,1,0,0,0,0,1,0,0,0,0,0,0,0
299,리틀 포레스트,2018-02-28,18,1qr,11924942185,1505582,884,0,0,1,0,0,0,0,0,35,1,0,0,0,0,0,0,0,0,0,0,0,0,1
300,더 게임,2008-01-30,8,1qr,9869346557,1496214,339,0,0,0,1,0,0,0,0,20,0,0,0,1,0,0,0,0,0,0,0,0,0,0
301,부라더,2017-11-02,17,4qr,11783109998,1492903,889,0,0,1,0,0,0,0,0,17,0,0,0,0,0,0,0,0,0,0,0,0,1,0
302,B형 남자친구,2005-02-03,5,1qr,11882146546,1485454,47,0,0,0,0,0,1,0,0,28,0,1,0,0,0,0,0,0,0,0,0,0,0,0
303,해무(海霧),2014-08-13,14,3qr,11706502519,1475472,584,0,0,0,1,0,0,0,0,29,1,0,0,0,0,0,0,0,0,1,0,0,0,0
304,차이나타운,2015-04-29,15,2qr,11989400678,1472006,551,0,1,0,0,0,0,0,0,31,1,0,0,0,0,0,0,0,0,0,1,0,0,0
305,홀리데이,2006-01-19,6,1qr,11510689440,1458896,42,0,0,1,0,0,0,0,0,35,0,1,0,0,0,0,0,0,0,0,0,0,0,0
306,각설탕,2006-08-10,6,3qr,11111577600,1446820,65,0,0,1,0,0,0,0,0,25,0,1,0,0,0,0,0,0,0,0,0,0,0,0
307,인간중독,2014-05-14,14,2qr,11284787400,1441964,682,0,0,1,0,0,0,1,0,23,0,0,0,0,0,0,0,0,0,1,0,0,0,0
308,궁녀,2007-10-18,7,4qr,10886802608,1438531,83,1,0,0,0,0,0,0,0,23,0,0,0,0,0,0,0,0,0,0,0,0,0,0
309,주홍글씨,2004-10-29,4,4qr,10852057401,1437549,76,0,0,0,1,0,0,0,0,32,0,1,0,0,0,0,0,0,0,0,0,0,0,0
310,탐정 홍길동: 사라진 마을,2016-05-04,16,2qr,11514389845,1430666,764,1,0,0,0,0,0,0,0,28,0,1,0,0,0,0,0,0,0,0,0,1,0,0
311,런닝맨,2013-04-04,13,2qr,10060239500,1422844,567,0,1,0,0,0,1,0,0,31,0,0,0,0,0,0,0,0,1,0,0,0,0,0
312,조폭마누라,2001-09-27,1,3qr,10919584680,1419972,0,0,1,0,0,0,0,0,0,29,0,0,0,0,0,0,0,0,0,0,0,0,0,0
313,검은 집,2007-06-21,17,2qr,10625788044,1408882,71,0,0,0,1,0,0,0,0,25,0,1,0,0,0,0,0,0,0,0,0,0,1,0
314,구르믈 버서난 달처럼,2010-04-28,10,2qr,10408565262,1407681,509,1,0,0,0,0,0,0,0,24,0,0,0,0,0,1,0,0,0,0,0,0,0,0
315,허브,2007-01-11,7,1qr,10802420718,1406199,57,0,0,1,0,0,0,0,0,26,0,1,0,0,0,0,0,0,0,0,0,0,0,0
316,똥개,2003-07-16,3,3qr,10664100000,1394000,39,0,0,1,0,0,1,0,0,27,0,0,0,0,0,0,0,0,0,0,0,0,0,0
317,기억의 밤,2017-11-29,17,4qr,10652346660,1387599,751,0,0,0,1,0,0,0,0,18,0,0,0,0,0,0,0,0,0,0,0,0,1,0
318,골든슬럼버,2018-02-14,18,1qr,11413087798,1387562,833,0,1,0,0,0,0,0,0,32,1,1,0,0,0,0,0,0,0,0,0,0,0,1
319,역도산,2004-12-15,4,4qr,9675529420,1386179,70,1,0,0,0,0,0,0,0,20,0,1,0,0,0,0,0,0,0,0,0,0,0,0
320,브이아이피,2017-08-23,17,3qr,10956621835,1373316,996,0,1,0,0,0,0,0,0,17,1,0,0,0,0,0,0,0,0,0,0,0,1,0
321,분홍신,2005-06-30,5,2qr,10955264780,1371122,54,0,0,0,1,0,0,0,0,24,0,1,0,0,0,0,0,0,0,0,0,0,0,0
322,특별시민,2017-04-26,17,2qr,10494768945,1362634,1154,0,0,1,0,0,0,0,0,18,4,1,0,0,0,0,0,0,0,0,0,0,1,0
323,차형사,2012-05-30,12,2qr,9752555296,1346754,433,0,0,0,0,0,1,0,0,30,0,1,0,0,0,0,0,1,0,0,0,0,0,0
324,은교,2012-04-25,12,2qr,9917728000,1346274,521,0,0,1,0,0,0,0,0,32,0,1,0,0,0,0,0,1,0,0,0,0,0,0
325,궁합,2018-02-28,18,1qr,10479059438,1340149,966,1,0,0,0,0,0,0,0,26,1,1,0,0,0,0,0,0,0,0,0,0,0,1
326,미스터 고,2013-07-17,13,3qr,9337990000,1328890,840,0,0,1,0,0,1,0,0,32,0,1,0,0,0,0,0,0,1,0,0,0,0,0
327,청담보살,2009-11-11,9,4qr,9687687439,1321005,404,0,0,1,0,0,0,0,0,17,0,0,0,0,1,0,0,0,0,0,0,0,0,0
328,사라진 밤,2018-03-07,18,1qr,10698035316,1315735,925,0,0,0,1,0,0,0,0,18,0,0,0,0,0,0,0,0,0,0,0,0,0,1
329,싸움의 기술,2006-01-05,16,1qr,10365306030,1313727,54,0,0,1,0,0,0,0,0,21,0,1,0,0,0,0,0,0,0,0,0,1,0,0
330,간첩,2012-09-20,12,3qr,9316548500,1310895,576,0,1,0,0,0,0,0,0,19,0,1,0,0,0,0,0,1,0,0,0,0,0,0
331,영화는 영화다,2008-09-11,8,3qr,8943849000,1307688,326,0,1,0,0,0,0,0,0,21,0,0,0,1,0,0,0,0,0,0,0,0,0,0
332,장산범,2017-08-17,17,3qr,10341783083,1306438,711,0,0,0,1,0,0,0,0,20,0,0,0,0,0,0,0,0,0,0,0,0,1,0
333,만남의 광장,2007-08-15,7,3qr,9589225560,1306434,52,0,0,0,0,0,1,0,0,24,0,1,0,0,0,0,0,0,0,0,0,0,0,0
334,못말리는 결혼,2007-05-10,7,2qr,10161517490,1304431,70,0,0,0,0,0,1,0,0,26,0,1,0,0,0,0,0,0,0,0,0,0,0,0
335,최강로맨스,2007-01-25,7,1qr,9593839216,1299274,51,0,0,0,0,0,1,0,0,17,0,1,0,0,0,0,0,0,0,0,0,0,0,0
336,킹콩을 들다,2009-07-01,9,3qr,8597263166,1277800,411,0,0,1,0,0,0,0,0,25,0,0,0,0,1,0,0,0,0,0,0,0,0,0
337,"달마야, 서울 가자",2004-07-09,4,3qr,9417888000,1272000,54,0,0,0,0,0,1,0,0,17,0,0,0,0,0,0,0,0,0,0,0,0,0,0
338,달콤한 인생,2005-04-01,5,2qr,9486098700,1271595,82,0,1,0,0,0,0,0,0,26,0,1,0,0,0,0,0,0,0,0,0,0,0,0
339,황진이,2007-06-06,7,2qr,9960578316,1270644,106,1,0,0,0,0,0,0,0,18,0,0,0,0,0,0,0,0,0,0,0,0,0,0
340,이장과 군수,2007-03-29,7,1qr,9594713520,1269142,65,0,0,1,0,0,1,0,0,29,0,1,0,0,0,0,0,0,0,0,0,0,0,0
341,즐거운 인생,2007-09-13,7,3qr,9466124150,1263835,82,0,0,0,0,0,1,0,0,17,0,1,0,0,0,0,0,0,0,0,0,0,0,0
342,미스터 소크라테스,2005-11-10,5,4qr,9881185950,1261965,52,0,1,0,0,0,0,0,0,18,0,1,0,0,0,0,0,0,0,0,0,0,0,0
343,달마야 놀자,2001-11-08,1,4qr,9578505300,1253075,0,0,0,0,0,0,1,0,0,18,0,0,0,0,0,0,0,0,0,0,0,0,0,0
344,간기남,2012-04-11,12,2qr,9356404500,1246185,356,0,0,0,0,0,1,0,0,17,0,1,0,0,0,0,0,1,0,0,0,0,0,0
345,신부수업,2004-08-05,4,3qr,9102379176,1242476,56,0,0,1,0,0,0,0,0,27,0,0,0,0,0,0,0,0,0,0,0,0,0,0
346,특별수사: 사형수의 편지,2016-06-16,16,2qr,9929947065,1241899,691,0,0,1,0,0,0,0,1,21,0,0,0,0,0,0,0,0,0,0,0,1,0,0
347,행복,2007-10-03,7,4qr,9471987960,1239789,89,0,0,1,0,0,0,0,0,32,0,1,0,0,0,0,0,0,0,0,0,0,0,0
348,육혈포 강도단,2010-03-18,10,1qr,8784927671,1233582,319,0,0,0,0,0,1,0,0,22,0,1,0,0,0,1,0,0,0,0,0,0,0,0
349,천군,2005-07-15,5,3qr,9851606080,1232992,58,1,0,0,0,0,1,0,0,17,0,1,0,0,0,0,0,0,0,0,0,0,0,0
350,텔미썸딩,1999-11-13,-1,4qr,9623520000,1230000,0,0,0,0,1,0,0,0,0,25,0,0,0,0,0,0,0,0,0,0,0,0,0,0
351,심야의 F.M.,2010-10-14,10,4qr,9328562568,1228673,422,0,0,0,1,0,0,0,0,26,0,1,0,0,0,1,0,0,0,0,0,0,0,0
352,두사부일체,2001-12-08,1,4qr,9026843700,1228142,0,0,0,0,0,0,1,0,0,24,0,1,0,0,0,0,0,0,0,0,0,0,0,0
353,찌라시: 위험한 소문,2014-02-20,14,1qr,9111648087,1221420,560,0,0,1,0,0,0,0,0,24,0,1,0,0,0,0,0,0,0,1,0,0,0,0
354,결혼전야,2013-11-21,13,4qr,8444337719,1214836,524,0,0,1,0,0,0,0,0,18,0,0,0,0,0,0,0,0,1,0,0,0,0,0
355,깡철이,2013-10-02,13,4qr,8572344462,1209363,707,0,0,1,0,0,0,0,0,31,1,1,0,0,0,0,0,0,1,0,0,0,0,0
356,악녀,2017-06-08,17,2qr,9739662144,1208081,685,0,1,0,0,0,0,0,0,24,0,0,0,0,0,0,0,0,0,0,0,0,1,0
357,인사동 스캔들,2009-04-29,9,2qr,7900084842,1206101,314,0,0,1,0,0,0,0,0,25,0,0,0,0,1,0,0,0,0,0,0,0,0,0
358,해빙,2017-03-01,17,1qr,9905406822,1204600,915,0,0,0,1,0,0,0,0,27,2,1,0,0,0,0,0,0,0,0,0,0,1,0
359,그녀를 믿지 마세요,2004-02-20,4,1qr,8426796000,1204000,43,0,0,0,0,0,1,0,0,26,0,0,0,0,0,0,0,0,0,0,0,0,0,0
360,형사; Duelist,2005-09-08,5,3qr,8698745580,1203146,88,1,0,0,0,0,0,0,0,19,0,0,0,0,0,0,0,0,0,0,0,0,0,0
361,시간이탈자,2016-04-13,16,2qr,9731838195,1202384,733,0,0,1,0,0,0,0,0,17,0,1,0,0,0,0,0,0,0,0,0,1,0,0
362,R2B: 리턴투베이스,2012-08-15,12,3qr,8602921371,1201944,539,0,1,0,0,0,0,0,0,29,1,1,0,0,0,0,0,1,0,0,0,0,0,0
363,더 웹툰: 예고살인,2013-06-27,13,2qr,8534322070,1201033,541,0,0,0,1,0,0,0,0,25,0,1,0,0,0,0,0,0,1,0,0,0,0,0
364,짝패,2006-05-25,6,2qr,8904501840,1196520,50,1,0,0,0,0,0,0,0,28,0,1,0,0,0,0,0,0,0,0,0,0,0,0
365,바람 바람 바람,2018-04-05,18,2qr,9784445375,1194239,985,0,0,1,0,0,0,0,0,20,0,0,0,0,0,0,0,0,0,0,0,0,0,1
366,파송송 계란탁,2005-02-18,5,1qr,9125211200,1193150,48,0,0,1,0,0,0,0,0,28,0,1,0,0,0,0,0,0,0,0,0,0,0,0
367,몽정기2,2005-01-14,5,1qr,8964853915,1188815,41,0,0,1,0,0,1,0,0,22,0,1,0,0,0,0,0,0,0,0,0,0,0,0
368,빅매치,2014-11-27,14,4qr,8952096578,1177438,627,0,1,0,0,0,1,0,0,24,1,0,0,0,0,0,0,0,0,1,0,0,0,0
369,여선생 VS 여제자,2004-11-17,4,4qr,8995538160,1175580,55,0,0,0,0,0,1,0,0,21,0,1,0,0,0,0,0,0,0,0,0,0,0,0
370,서양 골동 양과자점 앤티크,2008-11-13,8,4qr,7367880833,1173310,451,0,0,1,0,0,0,0,0,26,0,0,0,1,0,0,0,0,0,0,0,0,0,0
371,슬로우 비디오,2014-10-02,14,4qr,8913092219,1169562,618,0,0,1,0,0,1,0,0,20,3,0,0,0,0,0,0,0,0,1,0,0,0,0
372,동주,2016-02-17,16,1qr,8870143589,1169335,499,1,0,0,0,0,0,0,0,21,0,0,0,0,0,0,0,0,0,0,0,1,0,0
373,"당신, 거기 있어줄래요",2016-12-14,16,4qr,9361133648,1168625,767,0,0,1,0,0,1,0,0,31,1,1,0,0,0,0,0,0,0,0,0,1,0,0
374,돈의 맛,2012-05-17,12,2qr,8780178611,1166018,643,0,0,1,0,0,0,0,0,30,0,0,0,0,0,0,0,1,0,0,0,0,0,0
375,장수상회,2015-04-09,15,2qr,8729412643,1163575,688,0,0,1,0,0,0,0,0,22,2,1,0,0,0,0,0,0,0,0,1,0,0,0
376,연애술사,2005-05-20,5,2qr,8889739908,1163274,55,0,0,0,0,0,1,0,0,17,0,1,0,0,0,0,0,0,0,0,0,0,0,0
377,공공의 적,2002-01-24,2,1qr,8737964500,1161500,54,0,1,0,0,0,0,0,0,32,0,0,1,0,0,0,0,0,0,0,0,0,0,0
378,가문의 영광5 - 가문의 귀환,2012-12-19,12,4qr,8330342500,1160021,447,0,0,0,0,0,1,0,0,27,0,1,0,0,0,0,0,1,0,0,0,0,0,0
379,미씽: 사라진 여자,2016-11-30,16,4qr,8881616256,1153109,790,0,0,0,1,0,0,0,1,25,0,0,0,0,0,0,0,0,0,0,0,1,0,0
380,용서는 없다,2010-01-07,10,1qr,8737627361,1144238,334,0,1,0,0,0,0,0,0,27,1,0,0,0,0,1,0,0,0,0,0,0,0,0
381,"안녕, 형아",2005-05-27,5,2qr,8722127680,1143136,45,0,0,1,0,0,0,0,0,19,0,0,0,0,0,0,0,0,0,0,0,0,0,0
382,고령화 가족,2013-05-09,13,2qr,8169492153,1141222,583,0,0,1,0,0,1,0,0,30,0,1,0,0,0,0,0,0,1,0,0,0,0,0
383,김종욱 찾기,2010-12-08,10,4qr,8271660983,1130638,442,0,0,1,0,0,1,0,0,25,0,1,0,0,0,1,0,0,0,0,0,0,0,0
384,하루,2017-06-15,17,2qr,9072737842,1129609,781,0,0,1,0,0,0,0,0,18,0,0,0,0,0,0,0,0,0,0,0,0,1,0
385,챔피언,2018-05-01,18,2qr,9471193230,1128784,874,0,0,1,0,0,0,0,0,23,2,0,0,0,0,0,0,0,0,0,0,0,0,1
386,성난 변호사,2015-10-08,15,4qr,8723650039,1128288,607,0,0,1,0,0,0,0,0,20,0,1,0,0,0,0,0,0,0,0,1,0,0,0
387,6년째 연애중,2008-02-05,8,1qr,7460438000,1123294,327,0,0,1,0,0,0,0,0,18,0,0,0,1,0,0,0,0,0,0,0,0,0,0
388,아랑,2006-06-28,6,2qr,8267591034,1122399,46,0,0,0,1,0,0,0,0,18,0,1,0,0,0,0,0,0,0,0,0,0,0,0
389,특수본,2011-11-24,11,4qr,8096052500,1118258,471,0,1,0,0,0,0,0,0,21,0,0,0,0,0,0,1,0,0,0,0,0,0,0
390,회사원,2012-10-11,12,4qr,8321175000,1110523,549,0,1,0,0,0,0,0,0,30,0,1,0,0,0,0,0,1,0,0,0,0,0,0
391,간신,2015-05-21,15,2qr,8946842910,1110246,697,1,0,0,0,0,0,0,0,19,0,1,0,0,0,0,0,0,0,0,1,0,0,0
392,령,2004-06-17,4,2qr,8198237986,1108769,35,0,0,0,1,0,0,0,0,20,0,1,0,0,0,0,0,0,0,0,0,0,0,0
393,베스트셀러,2010-04-15,10,2qr,8110824681,1099665,317,0,0,0,1,0,0,0,0,21,0,0,0,0,0,1,0,0,0,0,0,0,0,0
394,지금 사랑하는 사람과 살고 있습니까?,2007-08-15,7,3qr,7665833000,1095119,76,0,0,1,0,0,0,0,0,25,0,0,0,0,0,0,0,0,0,0,0,0,0,0
395,그때 그 사람들,2005-02-03,5,1qr,7587734000,1083962,45,0,0,1,0,0,0,0,0,25,0,0,0,0,0,0,0,0,0,0,0,0,0,0
396,내 남자의 로맨스,2004-07-16,4,3qr,7584892000,1083556,47,0,0,0,0,0,1,0,0,32,0,1,0,0,0,0,0,0,0,0,0,0,0,0
397,오! 해피데이,2003-04-18,3,2qr,7512610000,1073230,47,0,0,0,0,0,1,0,0,22,0,0,0,0,0,0,0,0,0,0,0,0,0,0
398,오빠생각,2016-01-21,16,1qr,8058857287,1069436,855,0,0,1,0,0,0,0,0,29,0,0,0,0,0,0,0,0,0,0,0,1,0,0
399,새드무비,2005-10-20,5,4qr,8534120000,1066765,87,0,0,1,0,0,0,0,0,27,0,0,0,0,0,0,0,0,0,0,0,0,0,0
400,"날, 보러와요",2016-04-07,16,2qr,8836039063,1063421,683,0,0,0,1,0,0,0,0,25,0,0,0,0,0,0,0,0,0,0,0,1,0,0
401,수상한 고객들,2011-04-14,11,2qr,7953428000,1059350,411,0,0,1,0,0,0,0,0,30,0,1,0,0,0,0,1,0,0,0,0,0,0,0
402,남극일기,2005-05-19,5,2qr,7443469440,1057311,78,0,0,1,0,0,0,0,0,21,0,1,0,0,0,0,0,0,0,0,0,0,0,0
403,동창생,2013-11-06,13,4qr,7010197126,1048280,660,0,1,0,0,0,0,0,0,30,0,1,0,0,0,0,0,0,1,0,0,0,0,0
404,시크릿,2009-12-03,9,4qr,7979591607,1046787,397,0,0,0,1,0,0,0,0,31,1,1,0,0,1,0,0,0,0,0,0,0,0,0
405,그놈이다,2015-10-28,15,4qr,8098811152,1046313,681,0,0,0,1,0,0,0,0,31,1,0,0,0,0,0,0,0,0,0,1,0,0,0
406,마음이...,2006-10-26,6,4qr,7771431862,1042166,66,0,0,1,0,0,0,0,0,17,0,1,0,0,0,0,0,0,0,0,0,0,0,0
407,점박이:한반도의 공룡3D,2012-01-26,12,1qr,9621468000,1040636,457,0,0,1,0,0,0,0,0,1,0,1,0,0,0,0,0,1,0,0,0,0,0,0
408,서편제,1993-04-10,-7,2qr,7835380665,1035741,16,1,0,0,0,0,0,0,0,20,0,0,0,0,0,0,0,0,0,0,0,0,0,0
409,파괴된 사나이,2010-07-01,10,3qr,7820538614,1030285,190,0,0,0,1,0,0,0,0,18,0,0,0,0,0,1,0,0,0,0,0,0,0,0
410,오직 그대만,2011-10-20,11,4qr,7591008500,1027622,435,0,0,1,0,0,0,0,0,28,0,1,0,0,0,0,1,0,0,0,0,0,0,0
411,이중간첩,2003-01-24,3,1qr,7484144760,1025928,53,0,0,1,0,0,0,0,0,21,0,1,0,0,0,0,0,0,0,0,0,0,0,0
412,우아한 세계,2007-04-05,7,2qr,7483072395,1025781,103,0,1,0,0,0,0,0,0,27,0,1,0,0,0,0,0,0,0,0,0,0,0,0
413,김관장 대 김관장 대 김관장,2007-02-08,7,1qr,7481883310,1025618,76,0,0,0,0,0,1,0,0,32,0,1,0,0,0,0,0,0,0,0,0,0,0,0
414,데이지,2006-03-09,6,1qr,7463485320,1023096,90,0,0,1,0,0,0,0,0,22,0,1,0,0,0,0,0,0,0,0,0,0,0,0
415,야수,2006-01-12,6,1qr,7412828840,1016152,87,0,1,0,0,0,0,0,0,29,0,1,0,0,0,0,0,0,0,0,0,0,0,0
416,심장이 뛴다,2011-01-05,11,1qr,7538083500,1006947,445,0,0,1,0,0,0,0,0,23,0,1,0,0,0,0,1,0,0,0,0,0,0,0
417,분신사바,2004-08-05,4,3qr,7284918249,1001125,40,0,0,0,1,0,0,0,0,20,0,0,0,0,0,0,0,0,0,0,0,0,0,0
418,염력,2018-01-31,18,1qr,7484684112,990111,1099,0,1,0,0,0,0,0,0,17,6,0,0,0,0,0,0,0,0,0,0,0,0,1
419,방황하는 칼날,2014-04-10,14,2qr,7828526800,989881,594,0,0,1,0,0,0,0,0,17,0,1,0,0,0,0,0,0,0,1,0,0,0,0
420,강력 3반,2005-09-29,5,3qr,7592012952,989573,41,0,1,0,0,0,0,0,0,26,0,1,0,0,0,0,0,0,0,0,0,0,0,0
421,방가? 방가!,2010-09-30,10,3qr,7129363141,989021,259,0,0,0,0,0,1,0,0,27,0,0,0,0,0,1,0,0,0,0,0,0,0,0
422,미쓰 와이프,2015-08-13,15,3qr,7387086869,988451,437,0,0,0,0,0,1,0,0,17,0,0,0,0,0,0,0,0,0,0,1,0,0,0
423,시체가 돌아왔다,2012-03-29,12,1qr,7360631000,986923,435,0,0,0,0,0,1,0,0,21,0,1,0,0,0,0,0,1,0,0,0,0,0,0
424,원더풀 라디오,2012-01-05,12,1qr,7255598000,986287,474,0,0,1,0,0,0,0,0,28,0,1,0,0,0,0,0,1,0,0,0,0,0,0
425,전국노래자랑,2013-05-01,13,2qr,6685476000,977873,581,0,0,1,0,0,0,0,0,26,0,1,0,0,0,0,0,0,1,0,0,0,0,0
426,내 사랑,2007-12-18,7,4qr,432940833,977401,56,0,0,1,0,0,0,0,0,30,0,1,0,0,0,0,0,0,0,0,0,0,0,0
427,돈 크라이 마미,2012-11-22,12,4qr,6808882099,975462,444,0,0,0,0,0,0,0,0,17,0,0,0,0,0,0,0,1,0,0,0,0,0,0
428,바보,2008-02-28,8,1qr,6301818833,974554,263,0,0,1,0,0,0,0,0,22,0,1,0,1,0,0,0,0,0,0,0,0,0,0
429,"고산자, 대동여지도",2016-09-07,16,3qr,7801007258,974262,765,1,0,0,0,0,0,0,0,32,0,1,0,0,0,0,0,0,0,0,0,1,0,0
430,우리는 형제입니다,2014-10-23,14,4qr,7263255399,970373,566,0,0,1,0,0,0,0,0,32,1,1,0,0,0,0,0,0,0,1,0,0,0,0
431,백야행,2009-11-19,9,4qr,7170684217,956767,398,0,0,1,0,0,0,0,0,17,0,0,0,0,1,0,0,0,0,0,0,0,0,0
432,허삼관,2015-01-14,15,1qr,7405415569,955175,621,0,0,0,0,0,1,0,0,17,2,0,0,0,0,0,0,0,0,0,1,0,0,0
433,점쟁이들,2012-10-03,12,4qr,6731202500,953682,479,0,0,1,0,0,0,0,0,22,0,0,0,0,0,0,0,1,0,0,0,0,0,0
434,불한당: 나쁜 놈들의 세상,2017-05-17,17,2qr,7654331125,951797,860,0,1,0,0,0,0,0,0,18,1,1,0,0,0,0,0,0,0,0,0,0,1,0
435,상사부일체,2007-09-19,7,3qr,8902950125,947510,64,0,0,0,0,0,1,0,0,30,0,0,0,0,0,0,0,0,0,0,0,0,0,0
436,오로라 공주,2005-10-27,5,4qr,7294029145,946372,47,0,0,1,0,0,0,0,0,26,0,0,0,0,0,0,0,0,0,0,0,0,0,0
437,GP 506,2008-04-03,8,2qr,6316842000,945185,355,0,1,0,1,0,0,0,0,24,0,1,0,1,0,0,0,0,0,0,0,0,0,0
438,낭만자객,2003-12-05,3,4qr,6428491024,940134,44,0,0,0,0,0,1,0,0,31,0,1,0,0,0,0,0,0,0,0,0,0,0,0
439,평행이론,2010-02-18,10,1qr,6905140883,937029,272,0,0,1,0,0,0,0,0,28,0,1,0,0,0,1,0,0,0,0,0,0,0,0
440,투 가이즈,2004-07-09,4,3qr,6294019245,931000,39,0,0,0,0,0,1,0,0,32,0,0,0,0,0,0,0,0,0,0,0,0,0,0
441,뽀로로 극장판 슈퍼썰매 대모험,2013-01-23,13,1qr,6819979500,929985,459,0,0,1,0,0,0,0,0,1,0,1,0,0,0,0,0,0,1,0,0,0,0,0
442,불어라 봄바람,2003-09-04,3,3qr,6201924913,924190,41,0,0,1,0,0,0,0,0,17,0,0,0,0,0,0,0,0,0,0,0,0,0,0
443,영어완전정복,2003-11-05,3,4qr,6777820070,917782,50,0,0,1,0,0,0,0,0,15,0,0,0,0,0,0,0,0,0,0,0,0,0,0
444,크로싱,2008-06-26,8,2qr,5657365667,907255,303,0,0,1,0,0,0,0,0,17,0,0,0,1,0,0,0,0,0,0,0,0,0,0
445,예의없는 것들,2006-08-24,6,3qr,5929105922,904802,52,0,0,0,0,0,1,0,0,16,0,1,0,0,0,0,0,0,0,0,0,0,0,0
446,마이 파더,2007-09-06,7,3qr,7592012955,902090,83,0,0,1,0,0,0,0,0,26,0,1,0,0,0,0,0,0,0,0,0,0,0,0
447,인랑,2018-07-25,18,3qr,6995052173,897591,1085,0,1,0,0,0,0,0,0,27,1,0,0,0,0,0,0,0,0,0,0,0,0,1
448,누구나 비밀은 있다,2004-07-30,4,3qr,6712832000,896000,50,0,0,0,0,0,1,0,0,30,0,0,0,0,0,0,0,0,0,0,0,0,0,0
449,방과후 옥상,2006-03-16,6,1qr,6678496164,891417,44,0,0,0,0,0,1,0,0,18,0,0,0,0,0,0,0,0,0,0,0,0,0,0
450,돈 텔 파파,2004-09-03,4,3qr,6598534048,880744,32,0,0,0,0,0,1,0,0,24,0,1,0,0,0,0,0,0,0,0,0,0,0,0
451,고死 두 번째 이야기: 교생실습,2010-07-28,10,3qr,5901045987,872594,320,0,0,0,1,0,0,0,0,26,0,0,0,0,0,1,0,0,0,0,0,0,0,0
452,킬러들의 수다,2001-10-12,1,4qr,6040201453,871125,0,0,0,0,0,0,1,0,0,21,0,0,0,0,0,0,0,0,0,0,0,0,0,0
453,체포왕,2011-05-04,11,2qr,6413325500,870887,407,0,0,0,0,0,1,0,0,24,1,1,0,0,0,0,1,0,0,0,0,0,0,0
454,열한시,2013-11-28,13,4qr,6097792000,870785,512,0,0,1,0,0,0,0,0,29,0,1,0,0,0,0,0,0,1,0,0,0,0,0
455,극장판 헬로카봇 : 백악기 시대,2018-08-01,18,3qr,6521741400,870106,758,0,0,1,0,0,0,0,0,19,0,0,0,0,0,0,0,0,0,0,0,0,0,1
456,미확인 동영상 : 절대클릭금지,2012-05-30,12,2qr,5939840500,867386,361,0,0,0,1,0,0,0,0,17,0,1,0,0,0,0,0,1,0,0,0,0,0,0
457,투캅스,1993-12-18,-7,4qr,5920129552,860433,2,0,0,0,0,0,1,0,0,19,0,0,0,0,0,0,0,0,0,0,0,0,0,0
458,맹부삼천지교,2004-03-26,4,1qr,5848291045,860044,31,0,0,0,0,0,1,0,0,20,0,1,0,0,0,0,0,0,0,0,0,0,0,0
459,숙명,2008-03-20,8,1qr,5680873500,858215,341,0,1,0,0,0,0,0,0,18,0,1,0,1,0,0,0,0,0,0,0,0,0,0
460,무사,2001-09-06,1,3qr,5892019205,857148,0,1,0,0,0,0,0,0,0,24,0,0,0,0,0,0,0,0,0,0,0,0,0,0
461,2009로스트메모리즈,2002-02-01,2,1qr,6028858825,856150,59,0,0,1,0,0,0,0,0,29,0,1,1,0,0,0,0,0,0,0,0,0,0,0
462,올드미스다이어리,2006-12-21,6,4qr,6582818255,856090,42,0,0,1,0,0,0,0,0,29,0,1,0,0,0,0,0,0,0,0,0,0,0,0
463,살인의뢰,2015-03-12,15,1qr,6986456737,855980,646,0,1,0,0,0,0,0,0,17,0,0,0,0,0,0,0,0,0,0,1,0,0,0
464,좋아해줘,2016-02-17,16,1qr,6572774337,848148,637,0,0,1,0,0,0,0,0,18,3,1,0,0,0,0,0,0,0,0,0,1,0,0
465,만추,2011-02-17,11,1qr,6300514500,844103,444,0,0,1,0,0,0,0,0,16,0,1,0,0,0,0,1,0,0,0,0,0,0,0
466,"이대로, 죽을 순 없다(Short Time)",2005-08-18,5,3qr,5219295025,838419,42,0,0,1,0,0,0,0,0,22,0,0,0,0,0,0,0,0,0,0,0,0,0,0
467,아는 여자,2004-06-25,4,2qr,5895330000,838000,40,0,0,0,0,0,1,0,0,24,0,0,0,0,0,0,0,0,0,0,0,0,0,0
468,대립군,2017-05-31,17,2qr,6276963402,837500,809,1,0,0,0,0,0,0,0,23,2,0,0,0,0,0,0,0,0,0,0,0,1,0
469,국화꽃 향기,2003-02-28,3,1qr,4484236016,837236,42,0,0,1,0,0,0,0,0,15,0,0,0,0,0,0,0,0,0,0,0,0,0,0
470,마린보이,2009-02-05,9,1qr,5565284169,837059,340,0,0,1,0,0,0,0,0,17,0,1,0,0,1,0,0,0,0,0,0,0,0,0
471,슈퍼스타 감사용,2004-09-17,4,3qr,5024949215,834706,43,0,0,1,0,0,0,0,0,18,0,1,0,0,0,0,0,0,0,0,0,0,0,0
472,남쪽으로 튀어,2013-02-06,13,1qr,5970851500,832894,428,0,0,0,0,0,1,0,0,26,1,1,0,0,0,0,0,0,1,0,0,0,0,0
473,어디선가 누군가에 무슨일이 생기면 틀림없이 나타난다 홍반장,2004-03-12,4,1qr,5358391025,830000,55,0,0,0,0,0,1,0,0,20,0,0,0,0,0,0,0,0,0,0,0,0,0,0
474,손님,2015-07-09,15,3qr,6385937880,828025,634,0,0,0,1,0,0,0,0,28,3,1,0,0,0,0,0,0,0,0,1,0,0,0
475,뽀로로 극장판 공룡섬 대모험,2017-12-07,17,4qr,6226737300,827021,803,0,0,1,0,0,0,0,0,20,0,0,0,0,0,0,0,0,0,0,0,0,1,0
476,카트,2014-11-13,14,4qr,5926917433,814233,544,0,0,1,0,0,0,0,0,15,0,0,0,0,0,0,0,0,0,1,0,0,0,0
477,외출,2005-09-07,5,3qr,5920529392,809191,78,0,0,1,0,0,0,0,0,21,0,0,0,0,0,0,0,0,0,0,0,0,0,0
478,그놈은 멋있었다,2004-07-22,4,3qr,5600000000,800000,34,0,0,0,0,0,1,0,0,24,0,0,0,0,0,0,0,0,0,0,0,0,0,0
479,화이트: 저주의 멜로디,2011-06-09,11,2qr,5587166000,790954,305,0,0,0,1,0,0,0,0,24,0,1,0,0,0,0,1,0,0,0,0,0,0,0
480,나는 왕이로소이다,2012-08-08,12,3qr,5455343404,790181,471,1,0,0,0,0,0,0,0,18,0,1,0,0,0,0,0,1,0,0,0,0,0,0
481,상의원,2014-12-24,14,4qr,6202433964,790158,466,1,0,0,0,0,0,0,0,26,1,0,0,0,0,0,0,0,0,1,0,0,0,0
482,반칙왕,2000-02-04,1,1qr,6929401259,787423,0,0,0,0,0,0,1,0,0,22,0,0,0,0,0,0,0,0,0,0,0,0,0,0
483,관능의 법칙,2014-02-13,14,1qr,5858771500,781516,591,0,0,0,0,0,1,0,0,22,0,1,0,0,0,0,0,0,0,1,0,0,0,0
484,푸른소금,2011-08-31,11,3qr,5739824500,771699,476,0,0,1,0,0,0,0,0,18,0,1,0,0,0,0,1,0,0,0,0,0,0,0
485,레슬러,2018-05-09,18,2qr,6482683657,771309,957,0,0,0,0,0,1,0,0,23,2,1,0,0,0,0,0,0,0,0,0,0,0,1
486,나의 결혼원정기,2005-11-23,5,4qr,6240205012,767657,76,0,0,1,0,0,0,0,0,20,0,1,0,0,0,0,0,0,0,0,0,0,0,0
487,동해물과 백두산이,2003-12-31,3,4qr,5251256665,764567,32,0,0,0,0,0,1,0,0,23,0,1,0,0,0,0,0,0,0,0,0,0,0,0
488,몽정기,2002-11-06,2,4qr,4829590125,763190,39,0,0,0,0,0,1,0,0,28,0,0,1,0,0,0,0,0,0,0,0,0,0,0
489,두 얼굴의 여친,2007-09-13,7,3qr,5929102952,762112,80,0,0,0,0,0,1,0,0,27,0,1,0,0,0,0,0,0,0,0,0,0,0,0
490,모던보이,2008-10-02,8,4qr,4971421000,758473,373,0,0,1,0,0,0,0,0,19,0,1,0,1,0,0,0,0,0,0,0,0,0,0
491,스플릿,2016-11-09,16,4qr,6102712539,758195,702,0,0,1,0,0,0,0,0,17,0,0,0,0,0,0,0,0,0,0,0,1,0,0
492,폰,2002-07-26,2,3qr,6492019245,755437,32,0,0,0,1,0,0,0,0,21,0,0,1,0,0,0,0,0,0,0,0,0,0,0
493,주유소 습격사건 2,2010-01-21,10,1qr,5466499511,742475,322,0,0,0,0,0,1,0,0,15,0,0,0,0,0,1,0,0,0,0,0,0,0,0
494,싸이보그지만 괜찮아,2006-12-07,6,4qr,5029959295,739481,72,0,0,1,0,0,0,0,0,25,0,1,0,0,0,0,0,0,0,0,0,0,0,0
495,김씨표류기,2009-05-14,9,2qr,4796220849,733931,288,0,0,0,0,0,1,0,0,14,0,0,0,0,1,0,0,0,0,0,0,0,0,0
496,더 파이브,2013-11-14,13,4qr,5343797000,731212,501,0,1,0,0,0,0,0,0,24,0,1,0,0,0,0,0,0,1,0,0,0,0,0
497,Mr.로빈 꼬시기,2006-12-07,6,4qr,4950295992,730443,69,0,0,0,0,0,1,0,0,25,0,1,0,0,0,0,0,0,0,0,0,0,0,0
498,순정만화,2008-11-27,8,4qr,4674779333,730343,386,0,0,1,0,0,0,0,0,12,0,1,0,1,0,0,0,0,0,0,0,0,0,0
499,해피엔드,1999-12-11,-1,4qr,4201029582,730000,0,0,0,1,0,0,1,0,0,20,0,0,0,0,0,0,0,0,0,0,0,0,0,0
500,비스티 보이즈,2008-04-30,8,2qr,4785372500,727409,278,0,1,0,0,0,1,0,0,14,0,1,0,1,0,0,0,0,0,0,0,0,0,0
